index_code,date,open,close,low,high,volume,money,change,MA_5,MA_20,MA_60,EMA_5,EMA_20,EMA_60
sh000001,2014-12-31,3172.6,3234.68,3157.26,3239.36,40599852100,432000000000.0,0.021751745,3159.732,3032.5445,2645.672333333334,3164.3527421691742,3012.078634641889,2729.84241272627
sh000001,2014-12-30,3160.8,3165.82,3130.35,3190.3,39772532000,437000000000.0,-0.000694757,3107.3019999999997,3009.787,2631.4741666666664,3129.1891132537617,2988.646911972614,2712.729272375669
sh000001,2014-12-29,3212.56,3168.02,3126.94,3223.86,51011143900,556000000000.0,0.003297755,3080.66,2989.6735,2618.108333333333,3110.8736698806424,2969.997113232889,2697.3702629903064
sh000001,2014-12-26,3078.01,3157.6,3064.18,3164.16,46070093200,489000000000.0,0.02768625,3072.546,2965.2805,2604.6031666666668,3082.3005048209634,2949.152598836351,2681.416032824343
sh000001,2014-12-25,2992.46,3072.54,2969.87,3073.35,37694777600,379000000000.0,0.033642699,3062.746,2941.5425000000005,2591.1051666666667,3044.6507572314454,2927.2107671349145,2665.274201553237
sh000001,2014-12-24,3039.21,2972.53,2934.91,3050.51,37680524600,379000000000.0,-0.019811305,3059.7419999999997,2919.44,2578.981166666667,3030.706135847168,2911.9129531491158,2651.4685796086324
sh000001,2014-12-23,3085.08,3032.61,3025.67,3136.84,43776240000,419000000000.0,-0.030322835,3077.44,2901.031,2568.498666666667,3059.794203770752,2905.5322113753386,2640.5851402776757
sh000001,2014-12-22,3129.27,3127.45,3090.51,3189.87,67937191500,624000000000.0,0.006063509,3075.222,2877.7805,2556.4505,3073.3863056561277,2892.155602046427,2627.296160275734
sh000001,2014-12-19,3053.08,3108.6,3018.42,3117.53,52107351100,516000000000.0,0.016704709,3040.416,2848.052,2542.4908333333337,3046.3544584841916,2867.3877706828926,2610.341790576765
sh000001,2014-12-18,3062.8,3057.52,3030.32,3089.79,43590495200,467000000000.0,-0.001143083,3006.3300000000004,2816.9615000000003,2529.505,3015.231687726288,2841.9970097021446,2593.4516794645924
sh000001,2014-12-17,3031.95,3061.02,2993.33,3076.6,54250317900,580000000000.0,0.013073561,2979.974,2786.7185,2517.1451666666667,2994.087531589432,2819.310379144476,2577.720547722633
sh000001,2014-12-16,2953.81,3021.52,2943.91,3021.9,45384272300,493000000000.0,0.023056991,2955.772,2756.2169999999996,2504.593,2960.621297384148,2793.867261159684,2561.3375130384466
sh000001,2014-12-15,2921.45,2953.42,2890.9,2960.23,40037169500,411000000000.0,0.00518962,2922.7219999999998,2727.9595,2492.510333333333,2930.1719460762215,2769.9038149659664,2545.7381043345567
sh000001,2014-12-12,2929.36,2938.17,2914.96,2962.51,40948081100,420000000000.0,0.004248493,2936.0899999999997,2703.989,2482.2723333333333,2918.5479191143318,2750.5863218044888,2531.9183768904445
sh000001,2014-12-11,2912.35,2925.74,2892.61,2965.68,48263273300,480000000000.0,-0.004851351,2935.986,2681.0215,2472.168666666667,2908.736878671498,2730.840671468119,2518.1471331961793
sh000001,2014-12-10,2855.94,2940.01,2807.68,2946.71,51288691300,535000000000.0,0.029316917,2930.73,2659.0150000000003,2461.934333333333,2900.2353180072473,2710.3249526752898,2504.330423530658
sh000001,2014-12-09,2992.49,2856.27,2834.59,3091.32,77199837900,793000000000.0,-0.054296355,2898.634,2636.7385,2451.572666666667,2880.34797701087,2686.147579272689,2489.5616217685333
sh000001,2014-12-08,2907.82,3020.26,2879.85,3041.66,58757089000,593000000000.0,0.028121486,2880.09,2617.4085000000005,2442.7436666666667,2892.3869655163053,2668.239956038235,2477.130827058531
sh000001,2014-12-05,2926.57,2937.65,2813.05,2978.03,64050029600,639000000000.0,0.013171781,2812.0700000000006,2590.079,2431.179833333333,2828.450448274458,2631.185214568576,2458.7196652426446
sh000001,2014-12-04,2783.47,2899.46,2772.43,2900.51,53268771800,509000000000.0,0.04314802,2761.108,2564.105,2420.6666666666665,2773.850672411687,2598.9257634705314,2442.484735530844
sh000001,2014-12-03,2768.68,2779.53,2733.87,2824.18,56212028100,530000000000.0,0.005782428,2707.3140000000003,2540.425,2410.486166666667,2711.0460086175303,2567.290580677956,2426.9940455318047
sh000001,2014-12-02,2667.82,2763.55,2665.69,2777.37,43773338100,397000000000.0,0.031113872,2672.278,2522.411,2401.9281666666666,2676.8040129262954,2544.9495891703723,2415.0436717469383
sh000001,2014-12-01,2691.73,2680.16,2668.84,2720.74,44679174100,401000000000.0,-0.000998943,2633.0879999999997,2505.7675,2393.1275000000005,2633.431019389443,2521.939019609359,2403.22989540686
sh000001,2014-11-28,2629.63,2682.84,2622.06,2683.18,46588003500,402000000000.0,0.019900885,2603.632,2493.261,2385.4115,2610.066529084165,2505.284179568239,2393.8424321795064
sh000001,2014-11-27,2615.37,2630.49,2599.11,2631.4,36407571900,339000000000.0,0.010037457,2564.422,2480.1279999999997,2377.2945000000004,2573.6797936262474,2486.5940932070007,2384.0459022398513
sh000001,2014-11-26,2572.65,2604.35,2570.4,2605.07,33712724900,317000000000.0,0.014312215,2528.8559999999998,2468.1575000000003,2370.2774999999997,2545.274690439371,2471.447155649843,2375.6918630730634
sh000001,2014-11-25,2532.0,2567.6,2527.08,2568.38,31431557200,282000000000.0,0.013706932,2498.184,2456.5915,2363.656833333333,2515.7370356590563,2457.457382560353,2367.9407379124123
sh000001,2014-11-24,2505.53,2532.88,2495.52,2546.75,36348583500,330000000000.0,0.018533122,2475.938,2445.1050000000005,2358.0180000000005,2489.805553488585,2445.8634228298642,2361.1726256404713
sh000001,2014-11-21,2452.64,2486.79,2446.65,2488.2,21223977400,198000000000.0,0.013915912,2464.1639999999998,2432.9829999999997,2353.150166666667,2468.268330232877,2436.7037831277444,2355.3520351740585
sh000001,2014-11-20,2443.28,2452.66,2437.48,2458.32,16549521300,151000000000.0,0.00068299,2462.57,2423.7575,2348.8779999999997,2459.0074953493154,2431.4315497727703,2350.8965097515193
sh000001,2014-11-19,2452.15,2450.99,2442.71,2461.49,18623577100,167000000000.0,-0.002190227,2469.1600000000003,2416.2455,2345.3371666666662,2462.181243023973,2429.1969760646407,2347.4468989590973
sh000001,2014-11-18,2474.18,2456.37,2449.81,2477.05,20106257000,175000000000.0,-0.00713134,2477.858,2410.0235000000002,2341.9095,2467.7768645359597,2426.9029735451295,2343.9369623275406
sh000001,2014-11-17,2506.86,2474.01,2472.45,2508.77,21568780000,199000000000.0,-0.001942453,2480.518,2404.188,2338.2945000000004,2473.48029680394,2423.801181286722,2340.1256717888236
sh000001,2014-11-14,2477.97,2478.82,2457.05,2481.03,22060761900,192000000000.0,-0.00272851,2480.45,2398.3239999999996,2334.1731666666665,2473.21544520591,2418.516042474798,2335.587218598659
sh000001,2014-11-13,2495.0,2485.61,2471.41,2507.74,29503705800,258000000000.0,-0.003555857,2468.32,2391.442,2329.6339999999996,2470.413167808865,2412.168257472145,2330.7318685431
sh000001,2014-11-12,2454.6,2494.48,2444.81,2494.92,25293385200,216000000000.0,0.01004303,2456.37,2384.9865,2325.255166666667,2462.814751713298,2404.4375477323706,2325.4817606776537
sh000001,2014-11-11,2483.65,2469.67,2445.96,2508.62,41190406500,331000000000.0,-0.001617029,2441.324,2378.9460000000004,2320.7071666666666,2446.9821275699464,2394.959394862094,2319.753004868245
sh000001,2014-11-10,2436.63,2473.67,2428.19,2474.16,30062820300,245000000000.0,0.022952058,2433.526,2373.4365,2316.6235,2435.6381913549194,2387.0951206370514,2314.6710710560187
sh000001,2014-11-07,2427.9,2418.17,2407.44,2454.42,29117224500,244000000000.0,-0.003171241,2424.798,2368.0535,2311.9694999999997,2416.622287032379,2377.981975440952,2309.2812749094323
sh000001,2014-11-06,2419.62,2425.86,2401.75,2426.89,22200508800,180000000000.0,0.002732247,2425.2,2365.8720000000003,2308.127833333333,2415.8484305485686,2373.7516570663156,2305.5901303087903
sh000001,2014-11-05,2432.17,2419.25,2415.5,2434.36,26360665400,202000000000.0,-0.004699514,2418.244,2364.0474999999997,2304.654666666667,2410.8426458228523,2368.266568336454,2301.5131840007466
sh000001,2014-11-04,2428.27,2430.68,2417.22,2435.22,30901303900,227000000000.0,0.000265429,2409.0,2362.2245,2301.333,2406.6389687342785,2362.8998913192386,2297.5221039004828
sh000001,2014-11-03,2425.23,2430.03,2418.17,2436.79,29882123500,227000000000.0,0.004071601,2390.438,2358.884,2297.8771666666667,2394.6184531014183,2355.7651430370533,2293.0082750527217
sh000001,2014-10-31,2393.18,2420.18,2384.48,2423.6,32576352200,250000000000.0,0.01217109,2362.52,2355.268,2293.798333333333,2376.9126796521273,2347.9477896725325,2288.3634688369466
sh000001,2014-10-30,2371.89,2391.08,2365.92,2397.26,29464594300,227000000000.0,0.007604624,2338.9399999999996,2351.645,2290.154666666667,2355.2790194781915,2340.344399111746,2283.8951098787434
sh000001,2014-10-29,2343.72,2373.03,2339.71,2381.64,26558868700,225000000000.0,0.015038897,2321.208,2349.346,2286.6573333333336,2337.378529217287,2335.0038095445616,2280.2617221170726
sh000001,2014-10-28,2294.01,2337.87,2294.01,2338.28,17859035700,158000000000.0,0.020709585,2311.9120000000003,2347.8735,2283.4933333333333,2319.5527938259306,2331.0010526545157,2277.1170332494817
sh000001,2014-10-27,2293.57,2290.44,2279.84,2293.64,13026156800,113000000000.0,-0.005144031,2312.27,2346.466,2280.828,2310.394190738896,2330.2780055655176,2275.057609644507
sh000001,2014-10-24,2303.08,2302.28,2296.66,2314.88,13222528100,114000000000.0,-5.99e-05,2325.528,2346.4375,2278.0975000000003,2320.3712861083445,2334.471479835572,2274.536172420671
sh000001,2014-10-23,2322.32,2302.42,2297.33,2329.93,16263630800,141000000000.0,-0.010373716,2333.308,2347.796,2274.8105,2329.416929162517,2337.860056660369,2273.5957031994244
sh000001,2014-10-22,2339.22,2326.55,2324.59,2352.12,15269842500,139000000000.0,-0.005600821,2344.124,2348.4715,2271.078333333333,2342.9153937437754,2341.5905889404075,2272.61860786656
sh000001,2014-10-21,2355.03,2339.66,2337.55,2361.65,16882828800,147000000000.0,-0.007243517,2353.548,2347.5385,2266.8938333333335,2351.0980906156633,2343.1738088288716,2270.7904240647217
sh000001,2014-10-20,2346.05,2356.73,2340.46,2357.51,16002230500,142000000000.0,0.006639376,2357.5119999999997,2345.3835,2262.140833333333,2356.8171359234952,2343.543683442437,2268.45586082503
sh000001,2014-10-17,2352.78,2341.18,2312.83,2360.6,21230096200,179000000000.0,-0.006499048,2359.368,2344.504,2257.179833333333,2356.860703885243,2342.1556501205882,2265.46351534366
sh000001,2014-10-16,2361.13,2356.5,2353.41,2389.68,24820116800,204000000000.0,-0.007233946,2366.04,2344.0425,2252.4199999999996,2364.7010558278644,2342.258350133282,2262.896853267834
sh000001,2014-10-15,2358.23,2373.67,2344.37,2374.81,20280491500,172000000000.0,0.006016169,2372.614,2341.8015,2247.5996666666665,2368.8015837417965,2340.75922909468,2259.7238632248327
sh000001,2014-10-14,2362.8,2359.48,2349.19,2380.52,19683141800,170000000000.0,-0.002761612,2374.438,2339.0335,2242.5445000000004,2366.367375612695,2337.2949374204354,2255.8612797771207
sh000001,2014-10-13,2366.43,2366.01,2341.12,2366.86,20089931400,175000000000.0,-0.003592696,2375.316,2337.386,2237.6639999999998,2369.811063419042,2334.959667675218,2252.3487783983533
sh000001,2014-10-10,2380.76,2374.54,2365.08,2386.28,22467112600,192000000000.0,-0.006207073,2373.656,2335.407,2232.3464999999997,2371.7115951285627,2331.691211641031,2248.495852923778
sh000001,2014-10-09,2383.86,2389.37,2367.11,2391.35,23592001000,200000000000.0,0.002760205,2368.292,2332.023,2226.743166666667,2370.297392692844,2327.1808128664024,2244.2231668667396
sh000001,2014-10-08,2368.58,2382.79,2354.29,2382.79,20439732600,180000000000.0,0.008005516,2359.438,2326.986,2220.8971666666666,2360.7610890392657,2320.6345826418133,2239.302931537958
sh000001,2014-09-30,2361.32,2363.87,2354.27,2365.49,19391869000,167000000000.0,0.002612279,2351.596,2321.1490000000003,2215.5843333333332,2349.746633558899,2314.091907130425,2234.438959336753
sh000001,2014-09-29,2353.71,2357.71,2346.58,2363.06,20011102100,171000000000.0,0.004256474,2340.766,2314.7309999999998,2210.5186666666664,2342.6849503383482,2308.8521078809963,2230.0514629087747
sh000001,2014-09-26,2339.29,2347.72,2329.96,2350.11,17474828500,148000000000.0,0.00111509,2327.198,2307.7055,2205.5465,2335.1724255075223,2303.70917186847,2225.724051278079
sh000001,2014-09-25,2352.87,2345.1,2336.81,2365.15,22568832300,189000000000.0,0.000651995,2323.544,2300.1105,2200.805,2328.8986382612834,2299.0764531177824,2221.5885918384856
sh000001,2014-09-24,2302.23,2343.58,2297.88,2345.75,22252572500,186000000000.0,0.014658499,2317.71,2293.329,2196.0436666666665,2320.7979573919247,2294.231869235444,2217.401760726499
sh000001,2014-09-23,2289.09,2309.72,2289.02,2311.53,15685516900,135000000000.0,0.008669503,2310.5719999999997,2286.5055,2191.157,2309.406936087887,2289.037329154964,2213.1245283509097
sh000001,2014-09-22,2323.55,2289.87,2284.38,2323.55,17584235400,148000000000.0,-0.016993274,2307.9399999999996,2282.4829999999997,2186.8005,2309.2504041318302,2286.860205908118,2209.8501024760053
sh000001,2014-09-19,2312.98,2329.45,2305.52,2331.56,17464848700,144000000000.0,0.005839128,2317.7940000000003,2280.0299999999997,2182.5778333333333,2318.9406061977456,2286.5433854773937,2207.1375609156735
sh000001,2014-09-18,2303.85,2315.93,2297.93,2319.88,18908904500,145000000000.0,0.003481531,2318.294,2275.0804999999996,2177.731666666667,2313.685909296619,2282.026899738172,2202.991372334312
sh000001,2014-09-17,2298.98,2307.89,2282.8,2309.05,21084245300,159000000000.0,0.00493696,2317.444,2271.2945,2172.891166666667,2312.5638639449285,2278.45815234219,2199.1629402629
sh000001,2014-09-16,2341.03,2296.56,2293.87,2347.94,30269411100,238000000000.0,-0.018205409,2319.528,2268.1665,2168.3251666666665,2314.9007959173928,2275.360063115052,2195.477273224712
sh000001,2014-09-15,2330.19,2339.14,2321.59,2340.45,21511241400,185000000000.0,0.003083257,2325.522,2265.312,2163.7886666666664,2324.071193876089,2273.1284908113735,2192.050736272458
sh000001,2014-09-12,2308.35,2331.95,2302.78,2331.95,19347154000,162000000000.0,0.008768951,2322.9800000000005,2259.6915,2158.5808333333334,2316.536790814134,2266.179910896781,2187.0646537569414
sh000001,2014-09-11,2315.73,2311.68,2304.6,2343.6,22222179800,197000000000.0,-0.002858123,2317.962,2253.4175000000005,2153.444,2308.830186221201,2259.256743622758,2182.153280202323
sh000001,2014-09-10,2318.5,2318.31,2306.42,2321.91,18982899100,163000000000.0,-0.003534023,2313.352,2248.9775,2149.174666666667,2307.405279331802,2253.738506109364,2177.7625384981575
sh000001,2014-09-09,2328.43,2326.53,2315.89,2331.92,19699031800,173000000000.0,4.08e-05,2302.9,2244.142,2144.9811666666665,2301.9529189977025,2246.941506752455,2172.9982116665055
sh000001,2014-09-05,2311.31,2326.43,2307.45,2327.56,21318191700,186000000000.0,0.008483386,2284.696,2239.048,2140.9719999999998,2289.664378496554,2238.5637706211346,2167.7937373728096
sh000001,2014-09-04,2290.03,2306.86,2283.28,2307.7,19948997800,179000000000.0,0.007967659,2262.85,2232.448,2136.7101666666667,2271.2815677448307,2229.314693844412,2162.4162295816373
sh000001,2014-09-03,2268.4,2288.63,2268.1,2290.55,21247899800,188000000000.0,0.009964935,2240.6420000000003,2226.4885,2132.4576666666667,2253.4923516172457,2221.1520300385605,2157.519823652752
sh000001,2014-09-02,2239.68,2266.05,2234.38,2267.51,19212486900,171000000000.0,0.013659069,2224.81,2222.9305,2128.563,2235.9235274258685,2214.049085832093,2153.0754043901447
sh000001,2014-09-01,2220.13,2235.51,2217.69,2236.29,12916658300,117000000000.0,0.008258614,2213.022,2220.6254999999996,2125.0043333333333,2220.860291138803,2208.5753053933663,2149.2457512860556
sh000001,2014-08-29,2198.95,2217.2,2193.26,2218.7,10520249600,93043872850.0,0.009737601,2211.7740000000003,2220.0165,2121.5875,2213.5354367082045,2205.7400743821418,2146.3215348901253
sh000001,2014-08-28,2210.48,2195.82,2194.86,2219.47,12422901400,109000000000.0,-0.006176608,2216.496,2218.4215,2118.4668333333334,2211.703155062307,2204.533766422367,2143.918871169348
sh000001,2014-08-27,2207.03,2209.47,2204.05,2216.67,12088588500,104000000000.0,0.00106882,2223.424,2218.7084999999997,2115.8844999999997,2219.64473259346,2205.4510049931428,2142.1595079275885
sh000001,2014-08-26,2225.29,2207.11,2200.62,2232.79,16350742400,134000000000.0,-0.009944045,2229.572,2217.2969999999996,2112.8071666666665,2224.73209889019,2205.027952887158,2139.877792386543
sh000001,2014-08-25,2241.1,2229.27,2222.01,2241.55,16211957800,134000000000.0,-0.005149026,2237.216,2216.1009999999997,2110.0015,2233.5431483352854,2204.8087900331743,2137.5987304269734
sh000001,2014-08-22,2228.97,2240.81,2225.27,2243.3,16011167200,140000000000.0,0.004642096,2239.256,2213.535,2106.833833333333,2235.6797225029277,2202.23392582614,2134.4912240197514
sh000001,2014-08-21,2239.57,2230.46,2211.63,2240.08,16573349800,141000000000.0,-0.004353608,2236.4399999999996,2207.825,2103.497,2233.1145837543913,2198.173286439418,2130.8871908280435
sh000001,2014-08-20,2241.66,2240.21,2233.89,2248.94,16765838300,140000000000.0,-0.002279843,2231.642,2201.5550000000003,2100.4931666666666,2234.441875631587,2194.7746850119884,2127.5118346956415
sh000001,2014-08-19,2242.34,2245.33,2227.93,2246.02,17774459200,155000000000.0,0.002618481,2228.176,2193.469,2097.065833333333,2231.557813447381,2189.9920202764083,2123.6915501017734
sh000001,2014-08-18,2229.8,2239.47,2228.13,2242.04,16392862600,141000000000.0,0.005717791,2223.43,2184.9764999999998,2093.668333333333,2224.6717201710712,2184.1669697791885,2119.5682041085947
sh000001,2014-08-15,2207.23,2226.73,2203.24,2230.87,14997869100,129000000000.0,0.00918573,2220.466,2175.727,2090.253333333333,2217.272580256607,2178.345598176998,2115.503727576109
sh000001,2014-08-14,2221.54,2206.47,2204.38,2230.89,17014912300,142000000000.0,-0.007382775,2214.006,2167.344,2086.829333333333,2212.54387038491,2173.252503248261,2111.7333369479743
sh000001,2014-08-13,2223.05,2222.88,2202.44,2230.99,17806280600,146000000000.0,0.000577063,2210.246,2159.7999999999997,2083.8039999999996,2215.580805577365,2169.7559246428145,2108.521917145226
sh000001,2014-08-12,2222.7,2221.6,2210.0,2222.98,15479904600,132000000000.0,-0.001375045,2209.1639999999998,2152.02,2080.224666666667,2211.9312083660475,2164.1639167104795,2104.645362608565
sh000001,2014-08-11,2199.43,2224.65,2198.31,2225.96,15058342100,126000000000.0,0.013775363,2208.834,2144.458,2076.6176666666665,2207.0968125490713,2158.1180132063196,2100.6807887373134
sh000001,2014-08-08,2188.71,2194.43,2180.6,2199.58,13518144300,110000000000.0,0.003088219,2208.57,2136.558,2073.3151666666668,2198.320218823607,2151.1146461754056,2096.4784317522203
sh000001,2014-08-07,2216.66,2187.67,2185.76,2220.57,17523327400,137000000000.0,-0.013436965,2206.7439999999997,2129.1845000000003,2070.4908333333333,2200.265328235411,2146.555135246501,2093.1580307524127
sh000001,2014-08-06,2212.0,2217.47,2192.99,2223.89,17771170700,140000000000.0,-0.001117145,2209.522,2121.718,2068.1615,2206.5629923531164,2142.227254746132,2089.954226350201
sh000001,2014-08-05,2224.63,2219.95,2206.85,2226.84,17538698700,141000000000.0,-0.00152294,2202.2760000000003,2112.775,2065.3825,2201.109488529675,2134.3069657720407,2085.631645428326
sh000001,2014-08-04,2190.04,2223.33,2186.92,2224.07,17409740300,140000000000.0,0.017401706,2194.924,2104.9785,2062.5978333333333,2191.689232794513,2125.2919095375187,2081.0784674455367
sh000001,2014-08-01,2194.17,2185.3,2184.64,2218.79,19147504200,152000000000.0,-0.007385211,2185.848,2096.8085,2059.0613333333336,2175.8688491917696,2114.972110541468,2076.2563669006922
sh000001,2014-07-31,2179.54,2201.56,2173.9,2202.13,16469165400,132000000000.0,0.009315331,2174.1099999999997,2090.5125,2056.2275,2171.1532737876546,2107.5691748089907,2072.5599609115384
sh000001,2014-07-30,2178.18,2181.24,2177.24,2194.57,18492218700,150000000000.0,-0.00089273,2154.81,2083.596,2053.0361666666668,2155.949910681482,2097.6754037362525,2068.1870639851886
sh000001,2014-07-29,2179.83,2183.19,2172.1,2193.52,20026425700,159000000000.0,0.002407771,2134.2599999999998,2077.505,2050.4828333333335,2143.304866022223,2088.879130445332,2064.3547481618752
sh000001,2014-07-28,2135.25,2177.95,2135.25,2181.5,23618575200,180000000000.0,0.024138842,2112.718,2070.8645,2047.8855,2123.3622990333347,2078.9516704922094,2060.326420512579
sh000001,2014-07-25,2108.71,2126.61,2106.71,2127.22,14249582600,111000000000.0,0.010238178,2088.024,2064.3835000000004,2045.359,2096.0684485500024,2068.5307937019156,2056.339166174652
sh000001,2014-07-24,2079.63,2105.06,2079.63,2107.95,16567699600,129000000000.0,0.012784768,2074.5160000000005,2059.8785,2043.5878333333333,2080.7976728250032,2062.4171930389593,2053.9570951441983
sh000001,2014-07-23,2074.2,2078.49,2072.23,2088.19,13729221100,107000000000.0,0.001449303,2064.622,2056.5595,2041.895,2068.6665092375047,2057.9284765167445,2052.224786617851
sh000001,2014-07-22,2050.5,2075.48,2049.82,2078.09,12319186800,98702436643.0,0.010222543,2062.38,2053.91,2041.1955000000003,2063.7547638562573,2055.7641056237703,2051.334436858822
sh000001,2014-07-21,2057.77,2054.48,2049.18,2061.82,9385787000,75706180211.0,-0.002228194,2061.356,2051.8325,2040.888,2057.892145784386,2053.6887483210094,2050.515939825835
sh000001,2014-07-18,2047.5,2059.07,2046.0,2067.23,10664109400,82510264416.0,0.001690998,2063.79,2050.327,2041.1029999999998,2059.598218676578,2053.605458670589,2050.3815643331354
sh000001,2014-07-17,2062.89,2055.59,2046.19,2062.89,10449181200,79106281032.0,-0.005652366,2061.368,2048.707,2041.3323333333333,2059.8623280148677,2053.030243793809,2050.0870397950207
sh000001,2014-07-16,2068.34,2067.28,2061.57,2075.49,13712802000,102000000000.0,-0.001488149,2057.918,2047.1144999999997,2041.503,2061.9984920223014,2052.7607957721043,2049.900497922999
sh000001,2014-07-15,2065.9,2070.36,2059.68,2070.36,12448876800,103000000000.0,0.001795663,2052.184,2046.5265,2042.0108333333333,2059.357738033452,2051.2324584849575,2049.3113594900187
sh000001,2014-07-14,2047.74,2066.65,2044.9,2067.34,11511974000,96357013657.0,0.009616695,2050.916,2046.3434999999997,2042.4863333333333,2053.8566070501774,2049.219033062321,2048.597842784681
sh000001,2014-07-11,2033.87,2046.96,2033.0,2051.74,10508808300,86253717656.0,0.004228437,2049.5719999999997,2047.3100000000002,2043.1275,2047.4599105752661,2047.384194437302,2047.9859021770937
sh000001,2014-07-10,2036.54,2038.34,2034.96,2045.53,9794381900,84748630822.0,-0.000132443,2052.056,2048.498,2044.0381666666665,2047.7098658628993,2047.428846483334,2048.020678702748
sh000001,2014-07-09,2061.64,2038.61,2037.6,2062.47,11330584100,97183492310.0,-0.012310437,2057.034,2049.1665000000003,2045.5915,2052.394798794349,2048.3855671657902,2048.34883906546
sh000001,2014-07-08,2058.13,2064.02,2047.2,2064.43,9505339300,81584449261.0,0.001987449,2061.196,2049.9835,2047.1236666666666,2059.2871981915237,2049.4145742358733,2048.6789710365897
sh000001,2014-07-07,2058.13,2059.93,2050.89,2064.04,9716875400,81471314663.0,0.000268042,2058.468,2049.409,2048.295,2056.920797287286,2047.877160997544,2048.158933170659
sh000001,2014-07-04,2062.36,2059.38,2054.22,2065.08,10500879200,83596436667.0,-0.001867946,2056.148,2047.9375,2049.0501666666664,2055.416195930929,2046.6084411025488,2047.7599115874482
sh000001,2014-07-03,2051.63,2063.23,2048.08,2066.64,12292658200,96182469062.0,0.001850523,2051.5739999999996,2046.4664999999998,2049.6985,2053.4342938963932,2045.2640664817643,2047.366007867788
sh000001,2014-07-02,2049.49,2059.42,2044.04,2060.6,10955391100,89304983545.0,0.004407474,2046.664,2045.3490000000002,2049.6251666666667,2048.53644084459,2043.372915585108,2046.8282420102698
sh000001,2014-07-01,2051.23,2050.38,2041.94,2052.64,9845740900,83499762384.0,0.00100277,2039.8799999999999,2043.6195,2049.363166666667,2043.0946612668847,2041.6837488045935,2046.4013999560686
sh000001,2014-06-30,2038.61,2048.33,2038.53,2052.34,9666659800,80011169570.0,0.005802574,2036.5900000000001,2043.039,2049.5066666666667,2039.451991900327,2040.768353941919,2046.2665312431648
sh000001,2014-06-27,2031.91,2036.51,2025.07,2043.98,9759201700,76710586646.0,-0.001062944,2031.798,2042.5829999999999,2049.4921666666664,2035.0129878504904,2039.972391198963,2046.1965826591734
sh000001,2014-06-26,2025.66,2038.68,2025.31,2040.75,8095577800,66534274736.0,0.00650456,2029.83,2042.7875,2049.438833333333,2034.2644817757355,2040.336853430433,2046.524943774191
sh000001,2014-06-25,2030.43,2025.5,2018.36,2030.62,6753961000,55989137975.0,-0.004144192,2026.8419999999999,2043.3650000000002,2049.4893333333334,2032.056722663603,2040.511259054689,2046.7908760651458
sh000001,2014-06-24,2023.7,2033.93,2021.75,2034.71,7121463400,61684910986.0,0.004725432,2032.846,2043.8185,2049.840833333333,2035.3350839954046,2042.0913915867613,2047.512606271276
sh000001,2014-06-23,2026.23,2024.37,2022.92,2033.32,7048516200,57772730103.0,-0.001139305,2039.4,2044.196,2050.3365,2036.037625993107,2042.9504854379993,2047.973037292033
sh000001,2014-06-20,2013.41,2026.67,2010.53,2027.15,6716724600,53224269342.0,0.001452265,2051.7219999999998,2044.7059999999997,2051.052166666667,2041.8714389896604,2044.9063260104206,2048.773146879863
sh000001,2014-06-19,2054.62,2023.74,2017.65,2059.26,9291427400,74628946056.0,-0.015462761,2060.5319999999997,2044.437,2051.7123333333334,2049.4721584844906,2046.8259392746754,2049.522412514099
sh000001,2014-06-18,2064.38,2055.52,2051.75,2066.91,8724535000,70472931939.0,-0.005409112,2066.1259999999997,2044.4975000000002,2052.110333333333,2062.3382377267358,2049.2560381456938,2050.3964003393953
sh000001,2014-06-17,2080.48,2066.7,2064.67,2080.48,8780048100,70923265343.0,-0.009245042,2066.012,2042.1274999999998,2051.0763333333334,2065.7473565901037,2048.596673739977,2050.2227174046843
sh000001,2014-06-16,2070.7,2085.98,2069.44,2087.32,9593977000,79953076117.0,0.007373299,2063.178,2039.0515,2050.3268333333335,2065.2710348851556,2046.6910604494483,2049.6641601646475
sh000001,2014-06-13,2049.21,2070.72,2048.62,2073.6,9717480600,82546974059.0,0.009261529,2052.082,2036.0774999999999,2049.313833333333,2054.9165523277334,2042.5553826020218,2048.433102697488
sh000001,2014-06-12,2051.58,2051.71,2045.96,2057.11,8171118600,69306421819.0,-0.001574249,2043.9300000000003,2033.7899999999997,2048.529666666667,2047.0148284916002,2039.5906860338134,2047.6776070082392
sh000001,2014-06-11,2049.13,2054.95,2045.41,2056.63,7444435400,63177390287.0,0.001177083,2041.764,2033.6,2047.7401666666667,2044.6672427374003,2038.314968774215,2047.5409142902574
sh000001,2014-06-10,2033.21,2052.53,2026.39,2052.77,7962371700,65406104835.0,0.010849534,2035.7400000000002,2033.389,2047.1428333333336,2039.5258641061002,2036.5639128557114,2047.2897561256932
sh000001,2014-06-09,2024.94,2030.5,2023.2,2045.26,6478831700,55139842258.0,0.000268971,2032.988,2033.4060000000002,2046.2288333333333,2033.0237961591502,2034.883272103681,2047.1121187534854
sh000001,2014-06-06,2040.86,2029.96,2022.16,2041.57,6602174400,55124242502.0,-0.005351618,2034.73,2032.438,2045.7398333333333,2034.2856942387252,2035.3446691672264,2047.6752479344336
sh000001,2014-06-05,2019.44,2040.88,2016.18,2041.7,6794953600,56376142155.0,0.007923613,2036.8580000000002,2031.7035,2045.225,2036.4485413580878,2035.911476447987,2048.2757719926744
sh000001,2014-06-04,2037.99,2024.83,2012.91,2038.48,7241277100,57467546430.0,-0.006836468,2038.7279999999998,2030.1634999999999,2045.5088333333333,2034.232812037132,2035.3884739688278,2048.5264792267567
sh000001,2014-06-03,2039.2,2038.77,2037.3,2049.58,7158412400,59296437014.0,-0.00021577,2040.676,2030.3239999999998,2046.088,2038.9342180556976,2036.4998922813359,2049.3297599741163
sh000001,2014-05-30,2040.39,2039.21,2031.37,2046.96,7514889800,62353642382.0,-0.000677744,2041.218,2029.753,2046.3265,2039.0163270835462,2036.2609335741079,2049.6877226687975
sh000001,2014-05-29,2051.84,2040.6,2039.24,2057.08,8124292100,69472513686.0,-0.004698502,2040.2900000000002,2029.1105,2046.8641666666665,2038.919490625319,2035.950505529277,2050.0429045602095
sh000001,2014-05-28,2034.56,2050.23,2029.34,2052.66,8133864200,68602224952.0,0.007698452,2036.4279999999999,2028.0975000000003,2047.4415000000001,2038.0792359379786,2035.4610850586746,2050.3630075407154
sh000001,2014-05-27,2039.79,2034.57,2032.84,2044.15,6757788900,55920518535.0,-0.003385296,2031.372,2025.7604999999999,2047.5426666666667,2032.003853906968,2033.9064624332718,2050.3675163367457
sh000001,2014-05-26,2042.03,2041.48,2035.09,2045.38,7028122000,59840433362.0,0.003394822,2026.0819999999999,2025.8579999999997,2047.7556666666667,2030.720780860452,2033.8366163736164,2050.903033449703
sh000001,2014-05-23,2020.12,2034.57,2017.74,2034.57,6348806500,51464939986.0,0.006572057,2018.8220000000001,2026.6355000000003,2047.7518333333333,2025.3411712906782,2033.0320496761024,2051.222463298242
sh000001,2014-05-22,2023.15,2021.29,2018.88,2041.96,7472847400,59501663401.0,-0.001810414,2017.208,2028.2760000000003,2047.7459999999999,2020.7267569360174,2032.8701601683235,2051.7869626892357
sh000001,2014-05-21,2001.31,2024.95,1991.06,2025.19,6181154700,48415094175.0,0.008381973,2017.9440000000002,2030.8530000000003,2048.6693333333333,2020.4451354040264,2034.089124396568,2052.820775283482
sh000001,2014-05-20,2011.85,2008.12,2002.76,2018.16,6134538200,49549015106.0,0.001464206,2022.536,2032.8969999999997,2050.1483333333335,2018.1927031060395,2035.0511374909436,2053.765563624852
sh000001,2014-05-19,2023.01,2005.18,1996.02,2023.27,6532943800,52975245931.0,-0.010521075,2031.0579999999998,2037.3785,2052.326,2023.2290546590593,2037.8859940689379,2055.312898463141
sh000001,2014-05-16,2023.6,2026.5,2012.69,2027.76,6635366000,51625885302.0,0.000755565,2040.596,2042.0639999999999,2054.6155000000003,2032.2535819885888,2041.3287302867209,2057.0123500872546
sh000001,2014-05-15,2044.38,2024.97,2022.86,2047.32,7584515400,59773445331.0,-0.011199711,2037.524,2045.9950000000001,2056.1583333333333,2035.130372982883,2042.8896492642705,2058.046686758665
sh000001,2014-05-14,2049.27,2047.91,2042.74,2056.57,7201112500,56455292293.0,-0.001374146,2035.584,2049.8265,2057.9991666666665,2040.2105594743243,2044.7759281341935,2059.167952478808
sh000001,2014-05-13,2055.08,2050.73,2043.55,2061.06,9722338800,73741718051.0,-0.001043904,2028.018,2054.008,2059.1315,2036.3608392114863,2044.4460258325298,2059.5495857639107
sh000001,2014-05-12,2022.93,2052.87,2016.64,2055.51,11574207700,88097002894.0,0.020752461,2023.48,2057.9985,2059.926,2029.1762588172296,2043.784554867533,2059.848561072245
sh000001,2014-05-09,2016.5,2011.14,2001.3,2020.45,7622424400,57505383717.0,-0.002053815,2018.3759999999997,2062.07,2060.8775,2017.3293882258442,2042.8281922220103,2060.0851276179287
sh000001,2014-05-08,2006.85,2015.27,2005.69,2036.94,7786539300,59529365546.0,0.00258248,2021.4199999999996,2066.775,2062.4196666666667,2020.4240823387663,2046.163791403275,2061.7443218557164
sh000001,2014-05-07,2023.15,2010.08,2008.45,2024.63,7436019200,57558051925.0,-0.008853384,2022.434,2070.9255000000003,2063.5996666666665,2023.0011235081492,2049.415769445725,2063.3197592823617
sh000001,2014-05-06,2024.26,2028.04,2021.49,2038.71,7460941100,57548110850.0,0.000337879,2021.116,2073.3630000000003,2064.173333333333,2029.4616852622237,2053.5563767558015,2065.1245403360626
sh000001,2014-05-05,2022.18,2027.35,2007.35,2028.96,7993339500,60093487736.0,0.000491029,2022.812,2074.1459999999997,2064.257333333333,2030.1725278933354,2056.242311151149,2066.381674690341
sh000001,2014-04-30,2020.44,2026.36,2016.58,2029.54,7452857800,57677357948.0,0.00297821,2028.748,2075.728,2064.633333333333,2031.583791840003,2059.2836070617964,2067.7048163584695
sh000001,2014-04-29,2001.9,2020.34,1997.64,2021.68,7622127500,56776480980.0,0.008412333,2036.952,2076.7830000000004,2064.835833333333,2034.1956877600044,2062.7492499104064,2069.1063728492977
sh000001,2014-04-28,2033.34,2003.49,2000.14,2035.99,8979526200,68541492566.0,-0.016219834,2047.45,2077.4314999999997,2065.0518333333334,2041.1235316400068,2067.2133814799226,2070.7595157114615
sh000001,2014-04-25,2060.54,2036.52,2035.57,2065.64,9304233300,74155877478.0,-0.009972616,2059.918,2079.3424999999997,2065.900166666667,2059.9402974600102,2073.92110584623,2073.0399031372285
sh000001,2014-04-24,2064.16,2057.03,2056.19,2075.76,7818595500,64407532370.0,-0.005005848,2072.1639999999998,2079.8460000000005,2065.9945,2071.650446190015,2077.8580643563596,2074.2779023604917
sh000001,2014-04-23,2068.08,2067.38,2059.11,2076.35,7853152100,66156169573.0,-0.002628772,2080.536,2080.178,2065.9065,2078.9606692850225,2080.050492183345,2074.862594793293
sh000001,2014-04-22,2062.79,2072.83,2047.33,2073.66,9871988200,82468105678.0,0.003390895,2088.084,2080.1745,2064.922,2084.751003927534,2081.384228202644,2075.116250047771
sh000001,2014-04-21,2085.98,2065.83,2065.23,2103.08,9637836900,81654552342.0,-0.015217271,2093.8379999999997,2079.8469999999998,2063.5623333333333,2090.711505891301,2082.284673276606,2075.193752568172
sh000001,2014-04-18,2091.48,2097.75,2081.19,2099.64,8815569500,72555982418.0,-0.000541716,2106.98,2078.9365000000003,2062.547666666667,2103.152258836951,2084.016744147828,2075.5111785753065
sh000001,2014-04-17,2108.95,2098.89,2095.71,2110.72,8989632500,74257033528.0,-0.002962774,2113.5379999999996,2073.723,2061.3134999999997,2105.853388255427,2082.571138268652,2074.7572940319424
sh000001,2014-04-16,2097.21,2105.12,2092.16,2112.05,8936165700,75099477740.0,0.001675389,2120.62,2069.8650000000002,2060.0545,2109.33508238314,2080.853363349562,2073.9392068187253
sh000001,2014-04-15,2125.9,2101.6,2098.15,2125.9,10753115100,91135360828.0,-0.014045251,2120.6440000000002,2065.8689999999997,2058.7498333333333,2111.44262357471,2078.2989805442526,2072.8821915261824
sh000001,2014-04-14,2127.41,2131.54,2116.61,2134.43,10207785300,86591714588.0,0.000467956,2119.9800000000005,2061.9725000000003,2057.215833333333,2116.3639353620647,2075.8462416541743,2071.908669115708
sh000001,2014-04-11,2130.37,2130.54,2120.18,2138.65,13176835900,112000000000.0,-0.001760765,2105.4379999999996,2055.6125,2055.2451666666666,2108.775903043097,2069.983740775666,2069.8871878249947
sh000001,2014-04-10,2105.88,2134.3,2098.08,2146.67,15678960900,130000000000.0,0.013805097,2088.07,2050.041,2053.529833333333,2097.8938545646456,2063.60939769942,2067.8310759084416
sh000001,2014-04-09,2100.65,2105.24,2095.64,2108.75,10534047100,87366776078.0,0.00331366,2073.008,2043.2105,2052.0305,2079.690781846968,2056.168281667779,2065.5777964289305
sh000001,2014-04-08,2054.53,2098.28,2052.9,2102.45,13337098300,108000000000.0,0.019162816,2061.452,2038.0065,2051.0651666666668,2066.9161727704522,2051.0028376328078,2064.233255965932
sh000001,2014-04-04,2037.55,2058.83,2035.22,2060.1,8318905600,66368648237.0,0.007402743,2048.458,2033.0459999999998,2050.189,2051.2342591556785,2046.0262942257345,2063.079076698369
sh000001,2014-04-03,2063.5,2043.7,2037.45,2066.01,10861842100,79480900734.0,-0.007424035,2045.034,2033.0,2050.5941666666668,2047.4363887335176,2044.6785357231804,2063.2231199515936
sh000001,2014-04-02,2049.42,2058.99,2046.74,2060.78,10265852500,77940636053.0,0.005630391,2045.6119999999999,2033.7940000000003,2051.689,2049.3045831002764,2044.7815394835152,2063.884952716972
sh000001,2014-04-01,2031.01,2047.46,2028.1,2050.68,8328657600,64512636953.0,0.006961077,2046.548,2033.4984999999997,2052.6388333333334,2044.4618746504145,2043.2859120607275,2064.05089163585
sh000001,2014-03-31,2043.05,2033.31,2024.19,2048.13,9435653600,71573688750.0,-0.004117133,2050.5179999999996,2034.6989999999998,2053.4733333333334,2042.9628119756217,2042.846534382909,2064.613323891878
sh000001,2014-03-28,2046.85,2041.71,2035.24,2060.13,12168196500,94221958284.0,-0.002382502,2057.112,2036.7954999999997,2054.605666666667,2047.7892179634327,2043.8503801074257,2065.6745103788617
sh000001,2014-03-27,2060.81,2046.59,2042.71,2073.98,11914937400,94996460806.0,-0.008277486,2058.2940000000003,2037.525,2055.128833333333,2050.828826945149,2044.0756832766288,2066.486911670976
sh000001,2014-03-26,2070.57,2063.67,2057.65,2074.57,10261111600,80463446277.0,-0.001761225,2047.672,2037.5629999999996,2056.1248333333333,2052.948240417724,2043.8110183583792,2067.1614218885206
sh000001,2014-03-25,2063.32,2067.31,2057.49,2079.55,13182223200,100000000000.0,0.000499449,2039.284,2036.4419999999998,2056.612166666667,2047.5873606265861,2041.7205992382083,2067.2797821822896
sh000001,2014-03-24,2050.83,2066.28,2043.33,2074.06,14770008500,110000000000.0,0.009113023,2030.8619999999999,2034.7875,2056.9855000000002,2037.7260409398793,2039.0269781053873,2067.278757786764
sh000001,2014-03-21,1987.68,2047.62,1986.07,2052.47,14447765600,109000000000.0,0.02715855,2022.3399999999997,2035.3080000000002,2057.294,2023.4490614098188,2036.1582389585856,2067.312616126294
sh000001,2014-03-20,2017.22,1993.48,1993.0,2030.85,11033304800,88630977588.0,-0.013975627,2013.684,2038.6114999999998,2058.630166666667,2011.3635921147286,2034.9517377963311,2067.9802061293644
sh000001,2014-03-19,2019.98,2021.73,2002.44,2022.18,9518079700,79473241174.0,-0.001709464,2018.81,2045.8765000000003,2061.2103333333334,2020.3053881720928,2039.3171838801568,2070.505807749413
sh000001,2014-03-18,2026.22,2025.2,2020.41,2034.92,9677719300,83580456683.0,0.000752592,2014.002,2051.9175,2063.3661666666667,2019.5930822581392,2041.1684663938581,2072.1593406463858
sh000001,2014-03-17,2009.88,2023.67,1999.25,2024.37,8625037400,72017781997.0,0.009646073,2009.194,2056.611,2065.6271666666667,2016.7896233872088,2042.8493575932123,2073.7512978548375
sh000001,2014-03-14,2008.83,2004.34,1990.98,2017.91,8777511100,69925888157.0,-0.007316091,2004.274,2062.1985,2068.500666666667,2013.3494350808135,2044.8682373398674,2075.4490959400987
sh000001,2014-03-13,2000.7,2019.11,1996.53,2029.12,10097811600,77979057254.0,0.010721873,2014.9879999999998,2067.7740000000003,2071.8083333333334,2017.8541526212202,2049.1343675861713,2077.859760163846
sh000001,2014-03-12,1996.24,1997.69,1974.38,2011.06,10136171900,79293072715.0,-0.001731498,2023.0819999999999,2071.7385000000004,2074.8926666666666,2017.2262289318305,2052.2948273320853,2079.851436676498
sh000001,2014-03-11,1994.42,2001.16,1985.6,2008.07,9270526500,76870326506.0,0.001046489,2034.1599999999999,2077.352,2078.8893333333335,2026.9943433977458,2058.042703893361,2082.6368003392713
sh000001,2014-03-10,2042.35,1999.07,1995.55,2042.63,11569666600,95032992605.0,-0.028593601,2048.222,2082.4775,2082.8399999999997,2039.9115150966184,2064.030356934771,2085.3989618118326
sh000001,2014-03-07,2058.38,2057.91,2050.47,2079.49,10370954000,89332133920.0,-0.000810846,2063.4559999999997,2086.8275000000003,2086.807333333333,2060.332272644928,2070.868289243699,2088.3256258694773
sh000001,2014-03-06,2050.03,2059.58,2030.95,2065.79,10929013300,92561446561.0,0.003163046,2063.134,2086.157,2089.9598333333333,2061.5434089673918,2072.2323196904053,2089.3567582238716
sh000001,2014-03-05,2073.3,2053.08,2050.18,2074.82,10773308200,91623332621.0,-0.008877258,2060.688,2084.832,2093.1628333333333,2062.5251134510877,2073.5641428157123,2090.3662351955873
sh000001,2014-03-04,2068.11,2071.47,2050.13,2074.03,11592579200,101000000000.0,-0.001812807,2058.322,2084.6735,2095.9893333333334,2067.247670176632,2075.720368375263,2091.630298799186
sh000001,2014-03-03,2052.08,2075.24,2047.07,2078.33,12746089100,105000000000.0,0.009207305,2050.8720000000003,2083.0255,2098.2543333333333,2065.136505264948,2076.1677755726596,2092.313767756964
sh000001,2014-02-28,2040.62,2056.3,2020.94,2058.49,11163790700,95684072094.0,0.004370519,2051.162,2080.9285000000004,2100.675333333333,2060.084757897422,2076.265436159255,2092.892599961237
sh000001,2014-02-27,2045.1,2047.35,2036.39,2068.31,13216385200,113000000000.0,0.002988359,2062.6400000000003,2080.833,2103.3931666666667,2061.977136846133,2078.3670610181266,2094.133160952036
sh000001,2014-02-26,2026.61,2041.25,2014.38,2041.63,11011268700,96117707808.0,0.00345833,2080.9260000000004,2080.5745,2105.9551666666666,2069.2907052691994,2081.632014809513,2095.7192077728264
sh000001,2014-02-25,2077.29,2034.22,2026.54,2087.62,14013297800,128000000000.0,-0.020449408,2101.186,2081.0995000000003,2108.3188333333333,2083.311057903799,2085.8827532105206,2097.565834611125
sh000001,2014-02-24,2099.72,2076.69,2058.79,2099.72,12355530800,107000000000.0,-0.017508219,2118.156,2079.804,2110.8505,2107.8565868556984,2091.320937759005,2099.7134071670066
sh000001,2014-02-21,2131.59,2113.69,2098.33,2132.7,11766265100,99514289373.0,-0.011730508,2129.902,2075.532,2112.845333333333,2123.4398802835476,2092.8610364704823,2100.493957894603
sh000001,2014-02-20,2152.89,2138.78,2136.48,2177.98,15705227600,131000000000.0,-0.001760516,2130.334,2070.0950000000003,2114.3799999999997,2128.3148204253216,2090.6685139936862,2100.046577398257
sh000001,2014-02-19,2116.92,2142.55,2111.17,2152.96,15126124600,128000000000.0,0.011084129,2122.2580000000003,2064.341,2115.5105,2123.082230637983,2085.604147045642,2098.7334069349295
sh000001,2014-02-18,2134.14,2119.07,2113.13,2134.14,14286930800,130000000000.0,-0.007656123,2115.7400000000002,2058.3810000000003,2116.3534999999997,2113.3483459569743,2079.6098467346424,2097.247896255151
sh000001,2014-02-17,2124.88,2135.42,2117.69,2136.45,14024444300,126000000000.0,0.009247829,2112.66,2053.7695,2117.656,2110.487518935461,2075.4561463909095,2096.5080596847265
sh000001,2014-02-14,2097.32,2115.85,2095.09,2116.19,11151795000,97399672623.0,0.008314426,2102.79,2047.4765,2117.6628333333333,2098.0212784031914,2069.14416180046,2095.188818683684
sh000001,2014-02-13,2106.93,2098.4,2096.97,2122.83,14653263400,124000000000.0,-0.005475946,2088.52,2042.3489999999997,2117.4071666666664,2089.106917604787,2064.2277577794393,2094.488334155838
sh000001,2014-02-12,2103.83,2109.96,2096.51,2110.9,12633318600,111000000000.0,0.002987159,2075.4559999999997,2038.81,2117.2328333333335,2084.4603764071803,2060.6306796509457,2094.355714662723
sh000001,2014-02-11,2086.18,2103.67,2082.52,2111.06,14221132400,125000000000.0,0.008438847,2063.446,2035.5289999999998,2117.513,2071.7105646107702,2055.4381196141817,2093.8266706647064
sh000001,2014-02-10,2049.98,2086.07,2049.98,2087.98,12433183300,113000000000.0,0.020332629,2050.4139999999998,2032.7115,2117.6096666666667,2055.7308469161553,2050.3610795735462,2093.4929429343183
sh000001,2014-02-07,2022.32,2044.5,2014.7,2044.73,7359875500,67829921866.0,0.005614134,2039.86,2030.6934999999999,2117.944,2040.561270374233,2046.6022458444272,2093.7446114291897
sh000001,2014-01-30,2045.93,2033.08,2031.47,2045.93,6261518400,58264498308.0,-0.008210588,2041.8380000000002,2032.6255,2119.359,2038.5919055613492,2046.8235348806838,2095.414217360464
sh000001,2014-01-29,2042.18,2049.91,2039.77,2051.58,7386546200,67694123639.0,0.005592802,2043.6580000000001,2036.441,2121.1345,2041.3478583420238,2048.2702227628697,2097.527630459603
sh000001,2014-01-28,2036.4,2038.51,2026.99,2047.13,7252904300,65751604445.0,0.002563813,2044.0260000000003,2039.7445,2122.923333333333,2037.0667875130357,2048.0976146326443,2099.1420944875326
sh000001,2014-01-27,2044.27,2033.3,2029.63,2044.85,8881542600,81914219452.0,-0.010266785,2037.986,2042.6954999999998,2124.7753333333335,2036.3451812695537,2049.106837225562,2101.1978239680247
sh000001,2014-01-24,2037.67,2054.39,2034.45,2060.99,9294792100,82346176543.0,0.005979884,2029.5760000000002,2046.093,2126.713,2037.8677719043305,2050.7707148282666,2103.4999131532486
sh000001,2014-01-23,2048.33,2042.18,2039.05,2052.53,8421058500,76083326567.0,-0.004663826,2019.688,2047.0285,2128.1666666666665,2029.606657856496,2050.389737441765,2105.1650059746366
sh000001,2014-01-22,2009.97,2051.75,2008.93,2052.34,9889285600,84126659381.0,0.021628103,2015.9919999999997,2050.237,2130.138,2023.319986784744,2051.2539203303804,2107.3005550321964
sh000001,2014-01-21,1992.02,2008.31,1992.02,2014.15,5984491100,52017917403.0,0.00856747,2010.312,2052.2949999999996,2131.4231666666665,2009.1049801771157,2051.201701417788,2109.1840479009625
sh000001,2014-01-20,2001.89,1991.25,1984.82,2005.94,5627124700,48298781024.0,-0.006831096,2014.018,2056.365,2133.5158333333334,2009.5024702656738,2055.716617356558,2112.6043017081315
sh000001,2014-01-17,2017.52,2004.95,2001.33,2017.87,6730572000,57039564098.0,-0.009266191,2017.6799999999998,2061.042,2135.8776666666668,2018.6287053985109,2062.502577078393,2116.7189951344985
sh000001,2014-01-16,2022.54,2023.7,2014.41,2034.71,7275571900,62829760799.0,0.000174463,2019.35,2067.184,2138.5338333333334,2025.4680580977663,2068.5607430867362,2120.5087157162775
sh000001,2014-01-15,2024.23,2023.35,2010.2,2027.41,6743622200,57740358255.0,-0.001723864,2020.134,2073.4134999999997,2141.190666666667,2026.3520871466492,2073.2829265696287,2123.7912098561983
sh000001,2014-01-14,2007.16,2026.84,2001.14,2027.43,7036661400,56687625248.0,0.008597885,2024.3319999999999,2079.8,2144.3123333333333,2027.853130719974,2078.5390241033706,2127.196900660989
sh000001,2014-01-13,2014.98,2009.56,2000.4,2027.18,6654477600,55616750648.0,-0.001854668,2028.4279999999999,2086.501,2147.6856666666667,2028.3596960799612,2083.9810266406776,2130.599763395894
sh000001,2014-01-10,2023.54,2013.3,2008.01,2029.3,7561612100,61044553200.0,-0.007064433,2035.658,2095.8269999999998,2150.756,2037.7595441199417,2091.814818918819,2134.7039707847603
sh000001,2014-01-09,2041.77,2027.62,2026.45,2057.2,7594188300,67605664108.0,-0.0081777,2049.626,2105.302,2153.6766666666667,2049.9893161799123,2100.0795366999528,2138.820567298041
sh000001,2014-01-08,2047.26,2044.34,2037.11,2062.95,7164736400,62941429756.0,-0.001454098,2065.98,2114.1295,2156.434166666667,2061.1739742698687,2107.7068563527882,2142.591221736878
sh000001,2014-01-07,2034.22,2047.32,2029.25,2052.28,6340293800,54638641623.0,0.000786036,2080.308,2123.7870000000003,2159.5853333333334,2069.590961404803,2114.377051758547,2145.922816391953
sh000001,2014-01-06,2078.68,2045.71,2034.01,2078.68,8958760800,72895394974.0,-0.017966662,2090.35,2133.331,2162.7595,2080.7264421072045,2121.435688785999,2149.2663688026832
sh000001,2014-01-03,2101.54,2083.14,2075.9,2102.17,8449724100,72372229162.0,-0.012444848,2101.458,2142.9010000000003,2165.8001666666664,2098.234663160807,2129.4068139216624,2152.777931311399
sh000001,2014-01-02,2112.13,2109.39,2101.02,2113.11,6848548600,61921354651.0,-0.003114872,2099.45,2151.0969999999998,2167.596666666667,2105.7819947412104,2134.2770048609837,2155.1393575693896
sh000001,2013-12-31,2090.68,2115.98,2087.42,2120.27,8047437500,71456281495.0,0.008795588,2098.8419999999996,2158.2155,2169.303,2103.9779921118156,2136.896689583311,2156.6907391497016
sh000001,2013-12-30,2108.88,2097.53,2095.06,2112.01,7408505600,63038943336.0,-0.001771326,2094.228,2163.55,2170.6733333333336,2097.976988167724,2139.0984463816644,2158.0712756563
sh000001,2013-12-27,2074.59,2101.25,2069.59,2110.36,7675682700,66394444690.0,0.01357967,2092.6639999999998,2169.0420000000004,2171.9590000000003,2098.200482251586,2143.4740723168184,2160.1243086635695
sh000001,2013-12-26,2102.66,2073.1,2070.55,2102.66,7854140800,66767122191.0,-0.015787944,2089.372,2175.0045,2172.938666666667,2096.6757233773787,2147.9187115083337,2162.120838595869
sh000001,2013-12-25,2095.02,2106.35,2088.3,2107.23,6513909600,58136846617.0,0.006425996,2100.31,2182.3179999999998,2174.3171666666667,2108.4635850660684,2155.7943653518473,2165.1397301938014
sh000001,2013-12-24,2094.07,2092.91,2079.81,2111.81,7025146700,61697067271.0,0.001530358,2108.6979999999994,2187.0539999999996,2175.8533333333335,2109.520377599102,2160.999035389272,2167.1334463805247
sh000001,2013-12-23,2089.54,2089.71,2068.54,2099.52,6814663600,58435623902.0,0.002356588,2120.332,2191.5620000000004,2177.7636666666667,2117.8255663986533,2168.166302272944,2169.6505970871553
sh000001,2013-12-20,2128.37,2084.79,2082.86,2131.74,8677521200,72198200223.0,-0.020207802,2134.562,2196.3825,2179.9525,2131.88334959798,2176.4248604076906,2172.3616746103676
sh000001,2013-12-19,2153.67,2127.79,2126.25,2159.14,7312347900,61496944001.0,-0.009539237,2156.8199999999997,2201.9620000000004,2181.7368333333334,2155.4300243969706,2186.0706351884182,2175.331595411315
sh000001,2013-12-18,2150.41,2148.29,2142.62,2156.59,6417358400,55420595199.0,-0.001298883,2171.822,2205.861,2182.6996666666664,2169.250036595456,2192.2054388931447,2176.943954819269
sh000001,2013-12-17,2161.54,2151.08,2146.31,2165.54,7857893600,66921600555.0,-0.004526899,2182.9980000000005,2208.777,2184.0848333333333,2179.730054893184,2196.828116671939,2177.915761321397
sh000001,2013-12-16,2197.23,2160.86,2159.99,2201.7,10138759400,86422957339.0,-0.016034971,2200.28,2210.8795,2185.5038333333337,2194.0550823397757,2201.6437079012185,2178.825918744429
sh000001,2013-12-13,2188.26,2196.08,2183.84,2204.64,8510101200,72637502087.0,-0.003051122,2215.748,2212.6974999999998,2187.083,2210.652623509664,2205.9367297862022,2179.435258679507
sh000001,2013-12-12,2199.32,2202.8,2194.9,2214.55,8610867100,76003328922.0,-0.00062155,2223.954,2209.6850000000004,2187.836166666667,2217.938935264496,2206.974280290185,2178.870718138412
sh000001,2013-12-11,2228.63,2204.17,2193.16,2228.63,10947315000,94389298201.0,-0.014894355,2232.8059999999996,2204.5705000000003,2188.4225,2225.5084028967444,2207.4136782155488,2178.059092249191
sh000001,2013-12-10,2239.86,2237.49,2231.68,2250.5,10904313300,95556296184.0,-0.000316326,2242.3239999999996,2198.759,2188.561666666667,2236.177604345117,2207.755118027781,2177.1734534909297
sh000001,2013-12-09,2241.79,2238.2,2231.73,2249.17,9327363900,84432480333.0,0.00048813,2239.3599999999997,2193.223,2186.936666666667,2235.5214065176756,2204.625130451056,2175.1275751036005
sh000001,2013-12-06,2242.56,2237.11,2228.63,2248.15,10370092900,92254759114.0,-0.004430227,2233.1940000000004,2186.7865,2185.0071666666668,2234.1821097765137,2201.0909336555546,2172.9881756851814
sh000001,2013-12-05,2252.72,2247.06,2239.14,2255.26,12204841400,106000000000.0,-0.00208681,2229.8720000000003,2180.2375,2183.182333333333,2232.718164664771,2197.29945298668,2170.813134332206
sh000001,2013-12-04,2219.97,2251.76,2215.92,2260.87,15729294300,135000000000.0,0.013088763,2224.334,2174.3545000000004,2181.1164999999996,2225.547246997156,2192.061500667903,2168.2267487951035
sh000001,2013-12-03,2196.82,2222.67,2193.25,2227.93,11350641000,101000000000.0,0.006930869,2214.1960000000004,2168.7470000000003,2178.561333333333,2212.440870495734,2185.777448104527,2165.393135394143
sh000001,2013-12-02,2203.12,2207.37,2172.63,2231.92,17428199000,152000000000.0,-0.005914423,2206.2760000000003,2165.4755,2176.4898333333335,2207.326305743601,2181.894021587778,2163.450144650292
sh000001,2013-11-29,2221.62,2220.5,2212.26,2224.94,10695905300,97834025505.0,0.000510054,2202.026,2162.5885,2174.6541666666667,2207.304458615402,2179.212339648553,2161.960224382487
sh000001,2013-11-28,2204.38,2219.37,2202.62,2234.39,13445677700,120000000000.0,0.008315047,2197.202,2159.0415000000003,2172.6675,2200.706687923103,2174.8662701359112,2159.974293302902
sh000001,2013-11-27,2181.73,2201.07,2176.85,2207.62,11538441100,102000000000.0,0.008243884,2194.482,2155.1535000000003,2170.7375,2191.375031884654,2170.181666989984,2157.9592724815534
sh000001,2013-11-26,2184.33,2183.07,2176.18,2192.58,10046083000,84536640855.0,-0.00139151,2195.59,2153.1230000000005,2168.994166666667,2186.527547826981,2166.9302635134513,2156.4966858935354
sh000001,2013-11-25,2186.06,2186.12,2181.42,2209.15,10828265500,96747311934.0,-0.004672693,2197.602,2150.4125,2166.9006666666664,2188.2563217404713,2165.231343882252,2155.595126993388
sh000001,2013-11-22,2206.47,2196.38,2188.77,2211.07,11386645700,102000000000.0,-0.004256118,2199.822,2147.8,2164.9173333333333,2189.324482610707,2163.0325379736387,2154.5594726967593
sh000001,2013-11-21,2197.01,2205.77,2177.74,2206.53,13724551600,120000000000.0,-0.000383846,2187.712,2144.629,2162.860333333333,2185.7967239160607,2159.5222788103533,2153.1405346379124
sh000001,2013-11-20,2201.47,2206.61,2186.64,2207.11,11896186100,105000000000.0,0.006150128,2166.66,2142.5564999999997,2160.6408333333334,2175.810085874091,2154.654097628487,2151.354802479487
sh000001,2013-11-19,2198.32,2193.13,2186.11,2203.3,12508230700,116000000000.0,-0.001863264,2142.9260000000004,2141.3815,2158.6240000000003,2160.410128811136,2149.185055268613,2149.4799185733336
sh000001,2013-11-18,2147.37,2197.22,2143.77,2198.32,15750271400,143000000000.0,0.028743901,2129.6539999999995,2142.2575,2156.5460000000003,2144.050193216704,2144.5592716080237,2147.998763062732
sh000001,2013-11-15,2100.9,2135.83,2100.79,2153.21,12589452000,113000000000.0,0.016815472,2112.1040000000003,2143.8585,2154.623666666667,2117.4652898250556,2139.0160370342837,2146.328507349074
sh000001,2013-11-14,2087.12,2100.51,2078.99,2102.38,8379937300,72089883154.0,0.00601789,2106.1639999999998,2146.7560000000003,2154.0288333333333,2108.282934737583,2139.351409354094,2146.684772501979
sh000001,2013-11-13,2117.89,2087.94,2086.01,2117.91,8825709400,73376066494.0,-0.018258187,2111.942,2151.1575000000003,2154.123,2112.1694021063745,2143.4399787653415,2148.2517632040563
sh000001,2013-11-12,2110.72,2126.77,2108.4,2127.94,7944673100,67951266386.0,0.008201582,2122.276,2156.414,2154.345333333333,2124.284103159562,2149.282081802043,2150.2985852470165
sh000001,2013-11-11,2103.3,2109.47,2093.63,2117.28,6967829900,59934058729.0,0.001587749,2128.37,2161.746,2153.1031666666668,2123.0411547393433,2151.651774627243,2151.0971145105527
sh000001,2013-11-08,2120.92,2106.13,2103.51,2128.58,8309685900,70325214666.0,-0.01092937,2136.402,2168.1609999999996,2152.027,2129.826732109015,2156.0919614382537,2152.509941124415
sh000001,2013-11-07,2136.63,2129.4,2119.19,2141.6,8184261000,70177472947.0,-0.004770502,2145.088,2174.2619999999997,2151.0378333333333,2141.6750981635228,2161.35111528452,2154.0841446666195
sh000001,2013-11-06,2149.39,2139.61,2138.78,2166.17,10048734400,86547130819.0,-0.00817387,2147.53,2177.3385,2149.8894999999998,2147.812647245284,2164.714390585162,2154.921997077232
sh000001,2013-11-05,2139.84,2157.24,2124.85,2158.15,9190003100,77963321579.0,0.003538277,2151.7,2180.9465,2148.404,2151.913970867926,2167.3569580217227,2155.4417544549037
sh000001,2013-11-04,2156.09,2149.63,2143.21,2160.58,7614794100,66305997105.0,3.35e-05,2146.0240000000003,2182.9945,2146.273666666667,2149.250956301889,2168.4219009742924,2155.380711174972
sh000001,2013-11-01,2139.88,2149.56,2132.63,2157.31,8911847700,76271865039.0,0.00371122,2142.872,2184.2465,2144.2643333333335,2149.061434452833,2170.399995819675,2155.5759342488755
sh000001,2013-10-31,2155.51,2141.61,2137.47,2155.51,10806302000,88638835793.0,-0.008724519,2139.552,2184.7699999999995,2141.6683333333335,2148.8121516792494,2172.5936795975013,2155.7801710963163
sh000001,2013-10-30,2126.69,2160.46,2121.84,2161.94,11964336200,95233751781.0,0.014843128,2144.094,2185.48,2139.1425,2152.413227518874,2175.8551195671853,2156.2612632404157
sh000001,2013-10-29,2135.23,2128.86,2093.2,2163.66,14309281100,117000000000.0,-0.002345505,2148.6240000000003,2187.383,2136.0733333333333,2148.389841278311,2177.4756584756133,2156.1187042127563
sh000001,2013-10-28,2135.88,2133.87,2123.07,2140.96,8840132200,77889328547.0,0.000428513,2164.982,2191.3165,2134.1065,2158.154761917466,2182.59309623299,2157.0442650454947
sh000001,2013-10-25,2163.69,2132.96,2122.68,2170.61,11392452000,99671699060.0,-0.01449276,2184.0559999999996,2195.675,2132.2281666666668,2170.2971428761994,2187.7218432304735,2157.8311843851166
sh000001,2013-10-24,2178.82,2164.32,2159.87,2183.41,10300895300,90001867021.0,-0.008604709,2196.2200000000003,2198.6195000000002,2130.567666666667,2188.965714314299,2193.4862478128384,2158.6757745812993
sh000001,2013-10-23,2213.27,2183.11,2177.73,2226.85,14634709000,126000000000.0,-0.012460125,2201.064,2199.6815,2128.5603333333333,2201.2885714714484,2196.5563791802715,2158.484093125816
sh000001,2013-10-22,2227.34,2210.65,2204.24,2227.34,14913283100,135000000000.0,-0.008336933,2203.056,2202.0960000000005,2125.5878333333335,2210.377857207173,2197.971787524572,2157.6477296679063
sh000001,2013-10-21,2198.11,2229.24,2190.39,2230.29,13669440800,124000000000.0,0.016162514,2207.608,2203.3745,2121.9545,2210.2417858107588,2196.6372388330105,2155.8475109315045
sh000001,2013-10-18,2188.71,2193.78,2184.36,2203.29,10372463100,90814173242.0,0.002393374,2209.3140000000003,2204.693,2118.5238333333336,2200.7426787161385,2193.2053692082427,2153.3545736067813
sh000001,2013-10-17,2201.71,2188.54,2183.25,2211.03,12676794400,113000000000.0,-0.002066506,2216.188,2207.0675,2116.0428333333334,2204.224018074208,2193.144881755929,2151.9813404716824
sh000001,2013-10-16,2228.11,2193.07,2183.4,2228.11,15463863700,138000000000.0,-0.018061155,2216.6659999999997,2209.5395,2113.9958333333334,2212.0660271113115,2193.629606156163,2150.739371156447
sh000001,2013-10-15,2237.93,2233.41,2221.14,2240.25,15372282500,139000000000.0,-0.001948813,2220.406,2210.5119999999997,2111.7678333333333,2221.5640406669672,2193.6885120679926,2149.301210803706
sh000001,2013-10-14,2232.22,2237.77,2226.4,2242.98,16598338600,152000000000.0,0.004320632,2213.364,2205.841,2108.5358333333334,2215.641061000451,2189.5073027606413,2146.4434422785016
sh000001,2013-10-11,2201.41,2228.15,2200.53,2228.87,15689217600,142000000000.0,0.016986858,2200.744,2200.0739999999996,2105.7895,2204.576591500676,2184.427018771749,2143.340190907282
sh000001,2013-10-10,2214.41,2190.93,2186.48,2214.59,14977589600,137000000000.0,-0.009422322,2187.12,2195.0475,2102.1225,2192.7898872510136,2179.824599626041,2140.4581422083756
sh000001,2013-10-09,2191.39,2211.77,2185.18,2212.35,13087173700,118000000000.0,0.006173235,2180.096,2191.6565,2098.3645,2193.71983087652,2178.6556100936086,2138.742838274053
sh000001,2013-10-08,2171.9,2198.2,2161.49,2200.02,12671020300,115000000000.0,0.010821897,2177.446,2185.9905,2094.1395,2184.6947463147803,2175.169884776419,2136.26076829925
sh000001,2013-09-30,2167.73,2174.67,2165.16,2176.3,9281008100,88982759154.0,0.006776767,2179.312,2180.9995,2090.9561666666664,2177.9421194721704,2172.7456620721982,2134.155368851231
sh000001,2013-09-27,2150.96,2160.03,2149.59,2165.78,10540178800,97811678182.0,0.001956574,2188.5860000000002,2177.1275,2088.1466666666665,2179.5781792082557,2172.543100180526,2132.7780927858275
sh000001,2013-09-26,2192.23,2155.81,2154.72,2192.23,14041534600,126000000000.0,-0.01942493,2194.95,2174.191,2085.384,2189.3522688123835,2173.860268653176,2131.8515877016343
sh000001,2013-09-25,2206.23,2198.52,2193.72,2217.97,16021276200,144000000000.0,-0.004084201,2200.9,2171.579,2082.8965,2206.1234032185753,2175.7602969844247,2131.036973166451
sh000001,2013-09-24,2219.47,2207.53,2187.24,2219.54,16041505500,143000000000.0,-0.006084076,2207.476,2166.4764999999998,2079.5085,2209.9251048278634,2173.3645386998355,2128.742233836233
sh000001,2013-09-23,2199.36,2221.04,2198.34,2223.07,13317485800,121000000000.0,0.01331888,2213.214,2158.973,2075.7031666666667,2211.122657241795,2169.768174232289,2126.0627953137837
sh000001,2013-09-18,2185.94,2191.85,2172.04,2195.9,11511188700,101000000000.0,0.002878438,2220.1279999999997,2151.277,2071.186,2206.1639858626927,2164.371139741644,2122.8324260533127
sh000001,2013-09-17,2230.39,2185.56,2184.92,2230.93,15454255500,132000000000.0,-0.020543596,2230.012,2145.3324999999995,2067.1801666666665,2213.320978794039,2161.4786280174403,2120.4847299697426
sh000001,2013-09-16,2244.46,2231.4,2226.17,2248.47,15488402000,134000000000.0,-0.002153637,2240.496,2139.6845,2063.4126666666666,2227.2014681910587,2158.943746641763,2118.270874593629
sh000001,2013-09-13,2251.46,2236.22,2228.48,2259.42,17198422900,141000000000.0,-0.008595477,2236.7200000000003,2132.3945,2058.9433333333336,2225.1022022865877,2151.3167722237627,2114.421762875716
sh000001,2013-09-12,2236.17,2255.61,2226.29,2270.27,20971511000,167000000000.0,0.006396825,2217.474,2124.0060000000003,2056.2246666666665,2219.5433034298817,2142.379589860053,2110.2771716268508
sh000001,2013-09-11,2244.96,2241.27,2233.0,2258.08,24434945500,195000000000.0,0.001467392,2190.8379999999997,2115.3195,2053.3648333333335,2201.509955144822,2130.4605985930093,2105.3310942770077
sh000001,2013-09-10,2214.81,2237.98,2202.82,2238.55,23720664900,191000000000.0,0.011510877,2168.1079999999997,2108.263,2051.7345,2181.6299327172333,2118.7964502912237,2100.704095922184
sh000001,2013-09-09,2151.35,2212.52,2151.35,2218.53,21942708600,179000000000.0,0.033889363,2145.134,2101.672,2050.4230000000002,2153.45489907585,2106.2508125462637,2096.0309399855564
sh000001,2013-09-06,2119.33,2139.99,2119.02,2143.24,14326066000,119000000000.0,0.008274949,2122.3199999999997,2096.1099999999997,2049.4846666666667,2123.922348613775,2095.064581368001,2092.064841063823
sh000001,2013-09-05,2125.26,2122.43,2115.24,2127.86,12654410400,106000000000.0,-0.002438408,2113.998,2091.7225,2049.8521666666666,2115.8885229206626,2090.335589503195,2090.4328922612162
sh000001,2013-09-04,2121.68,2127.62,2115.75,2133.0,14200038600,116000000000.0,0.002122356,2108.958,2087.846,2050.2843333333335,2112.617784380994,2086.9572301641174,2089.3431583709857
sh000001,2013-09-03,2100.45,2123.11,2095.46,2123.85,13889317500,112000000000.0,0.011753448,2103.6940000000004,2083.8039999999996,2051.6723333333334,2105.1166765714916,2082.6769381271515,2088.0393466864134
sh000001,2013-09-02,2104.09,2098.45,2078.46,2108.68,14915852400,121000000000.0,3.15e-05,2099.786,2080.6735,2053.6556666666665,2096.120014857237,2078.420825828705,2086.8445499673635
sh000001,2013-08-30,2097.22,2098.38,2089.1,2114.39,17007564900,132000000000.0,0.000550727,2099.3900000000003,2078.275,2056.5303333333336,2094.9550222858556,2076.312491419415,2086.44910507073
sh000001,2013-08-29,2108.44,2097.23,2088.24,2110.89,13326821900,105000000000.0,-0.001938799,2091.2059999999997,2074.827,2059.431,2093.2425334287836,2073.989595431083,2086.0424994761815
sh000001,2013-08-28,2092.31,2101.3,2080.86,2113.82,16139202600,132000000000.0,-0.001077218,2085.184,2071.419,2062.7980000000002,2091.2488001431752,2071.543236650019,2085.6611594965366
sh000001,2013-08-27,2095.44,2103.57,2090.43,2105.38,12634196600,105000000000.0,0.0033833,2079.5159999999996,2066.0440000000003,2066.119666666667,2086.223200214763,2068.4109451973804,2085.127989805194
sh000001,2013-08-26,2061.42,2096.47,2056.13,2097.34,11993265200,99157897686.0,0.018963206,2073.3219999999997,2060.3684999999996,2069.6893333333333,2077.549800322144,2064.709991311064,2084.4991303764937
sh000001,2013-08-23,2075.93,2057.46,2029.37,2079.85,11242635100,94571635944.0,-0.004676062,2071.148,2054.3605,2073.4818333333333,2068.089700483217,2061.366831753695,2084.0908501803474
sh000001,2013-08-22,2069.31,2067.12,2062.37,2083.33,9092830700,76018374980.0,-0.002815779,2073.346,2052.03,2077.8795,2073.404550724825,2061.778077303151,2084.999314589506
sh000001,2013-08-21,2076.27,2072.96,2056.91,2076.32,8744599100,72860722876.0,0.00017659,2076.298,2049.7325,2081.6455,2076.546826087238,2061.2157694971584,2085.6093669395673
sh000001,2013-08-20,2081.97,2072.6,2066.07,2098.98,10738177300,89117930477.0,-0.006236569,2081.7339999999995,2047.7510000000002,2085.2383333333332,2078.340239130857,2059.979534333923,2086.041066461145
sh000001,2013-08-19,2055.13,2085.6,2052.7,2091.13,9744678300,81501386164.0,0.008291225,2088.446,2046.315,2088.6228333333333,2081.2103586962853,2058.651063820238,2086.499890684057
sh000001,2013-08-16,2075.98,2068.45,2061.65,2198.85,15306332600,123000000000.0,-0.006449939,2091.582,2042.273,2092.2361666666666,2079.015538044428,2055.8143326491763,2086.530616654345
sh000001,2013-08-15,2099.28,2081.88,2079.97,2108.41,9939665600,84735663149.0,-0.008693242,2088.34,2038.4829999999997,2096.1805,2084.298307066642,2054.484261859199,2087.148115081026
sh000001,2013-08-14,2109.23,2100.14,2093.04,2122.97,11443780200,95791169735.0,-0.002857813,2080.944,2035.559,2099.815666666667,2085.507460599963,2051.600498649566,2087.3280801776814
sh000001,2013-08-13,2101.32,2106.16,2093.8,2106.4,11770887500,96430370026.0,0.002319059,2070.272,2032.7980000000002,2102.8611666666666,2078.191190899944,2046.4910749088542,2086.890294621824
sh000001,2013-08-12,2058.42,2101.28,2055.72,2102.35,13512897400,116000000000.0,0.023899797,2061.1400000000003,2030.7759999999998,2105.2886666666664,2064.2067863499165,2040.210131966461,2086.2316663347274
sh000001,2013-08-09,2052.24,2052.24,2030.13,2061.71,9531642300,83036019695.0,0.003589426,2050.98,2028.6815,2107.347333333333,2045.6701795248744,2033.7817208920396,2085.717177633549
sh000001,2013-08-08,2044.44,2044.9,2037.25,2058.56,8413329000,71954924316.0,-0.000919983,2046.416,2028.0440000000003,2110.0935,2042.3852692873118,2031.8387428366411,2086.8620644827747
sh000001,2013-08-07,2056.37,2046.78,2043.75,2069.56,10771259400,91260307563.0,-0.006659549,2043.25,2029.4485,2113.3771666666667,2041.1279039309677,2030.4638726392025,2088.2975578751993
sh000001,2013-08-06,2043.65,2060.5,2034.96,2066.74,10558097500,88690559153.0,0.004886171,2032.654,2027.516,2116.7113333333336,2038.3018558964516,2028.7463841370409,2089.7182868597847
sh000001,2013-08-05,2031.72,2050.48,2025.23,2050.91,8551796800,73277096081.0,0.010378838,2018.566,2022.7635000000002,2119.5858333333335,2027.2027838446775,2025.4038952204724,2090.7184570422514
sh000001,2013-08-02,2039.51,2029.42,2025.65,2047.08,9359276700,78906252081.0,0.000172986,2003.732,2018.1529999999998,2122.8495,2015.5641757670164,2022.7643025935258,2092.096316654906
sh000001,2013-08-01,2000.82,2029.07,1997.06,2029.93,9125668600,77395281406.0,0.017688844,2000.018,2017.0420000000001,2126.2855,2008.6362636505248,2022.0637020890822,2094.24324012077
sh000001,2013-07-31,2000.79,1993.8,1987.88,2015.47,7016060300,59394334168.0,0.001876824,1998.438,2015.8935000000001,2129.6538333333333,1998.4193954757875,2021.3261961412807,2096.4764882308573
sh000001,2013-07-30,1981.45,1990.06,1965.36,2006.23,7721978400,66157865325.0,0.006961473,2006.3439999999998,2015.917,2133.1821666666665,2000.7290932136814,2024.2236943997884,2099.9961305574993
sh000001,2013-07-29,1997.84,1976.31,1969.85,1997.84,7868327400,65866980367.0,-0.017178805,2017.1080000000002,2016.7419999999997,2136.2498333333333,2006.0636398205224,2027.819878145801,2103.7660608181923
sh000001,2013-07-26,2013.19,2010.85,2000.8,2021.57,7380042900,65538619606.0,-0.005107922,2022.798,2017.6885000000002,2139.6098333333334,2020.9404597307837,2033.2419795612504,2108.138506030749
sh000001,2013-07-25,2037.34,2021.17,2016.43,2045.37,9854536600,86249516075.0,-0.005977882,2019.1580000000001,2016.1064999999999,2142.7508333333335,2025.9856895961755,2035.5990343555607,2111.477397494708
sh000001,2013-07-24,2035.69,2033.33,2010.42,2042.77,10665577900,93700581451.0,-0.005160293,2019.604,2012.5485,2146.0366666666664,2028.393534394263,2037.1178831498173,2114.5780068217364
sh000001,2013-07-23,2008.96,2043.88,2005.09,2051.53,10951736000,92711261462.0,0.019510545,2021.922,2008.4569999999999,2148.5568333333335,2025.9253015913946,2037.5166085834285,2117.3687872955134
sh000001,2013-07-22,1977.73,2004.76,1970.64,2005.47,8292219000,69649507412.0,0.006079348,2026.2900000000002,2004.2385,2151.8616666666667,2016.9479523870916,2036.846776252643,2119.8941849927437
sh000001,2013-07-19,2025.32,1992.65,1990.25,2035.22,10457757100,87481519970.0,-0.015196234,2037.216,2002.1625,2155.8596666666667,2023.0419285806377,2040.2243408732631,2123.8525465279286
sh000001,2013-07-18,2038.4,2023.4,2016.9,2043.37,9213204900,76618528707.0,-0.010526563,2046.584,2006.185,2159.2755,2038.2378928709566,2045.232181346797,2128.3655208355362
sh000001,2013-07-17,2061.19,2044.92,2043.23,2075.81,10325132100,87993978106.0,-0.01006816,2056.502,2009.216,2162.1155,2045.6568393064347,2047.5303133673642,2131.9778215521374
sh000001,2013-07-16,2054.6,2065.72,2038.54,2066.36,9673739900,82870901045.0,0.003073726,2049.144,2014.1425,2164.6143333333334,2046.0252589596519,2047.8050842088564,2134.9753900814962
sh000001,2013-07-15,2046.12,2059.39,2037.25,2076.67,10147035700,88023339258.0,0.009759322,2029.0900000000001,2018.821,2166.5513333333333,2036.177888439478,2045.9192959124387,2137.3612597471756
sh000001,2013-07-12,2068.04,2039.49,2036.05,2074.86,12117417500,103000000000.0,-0.016162636,2008.866,2023.6625,2169.0078333333336,2024.571832659217,2044.5013206727722,2140.0488774042647
sh000001,2013-07-11,2011.02,2072.99,2010.4,2092.87,15997077300,131000000000.0,0.03230126,2002.408,2029.7899999999997,2172.0088333333333,2017.1127489888258,2045.028830738745,2143.5170557164474
sh000001,2013-07-10,1962.84,2008.13,1960.28,2009.36,8979798100,72807806791.0,0.021711014,1989.03,2033.5584999999999,2174.561166666667,1989.1741234832386,2042.0855335649892,2145.950903316527
sh000001,2013-07-09,1953.6,1965.45,1946.37,1969.15,6453873300,52223185846.0,0.003667007,1986.2580000000003,2043.6970000000001,2178.1886666666664,1979.6961852248578,2045.6598219983837,2150.709930688414
sh000001,2013-07-08,1983.22,1958.27,1953.12,1983.22,8413649100,67187833865.0,-0.024375261,1994.48,2057.5299999999997,2182.2909999999997,1986.8192778372866,2054.1030179222407,2157.111099224177
sh000001,2013-07-05,2006.19,2007.2,2002.37,2021.54,9134522200,75137508120.0,0.000548827,2001.8739999999998,2073.163,2186.7414999999996,2001.0939167559297,2064.190778981622,2163.9860258431304
sh000001,2013-07-04,1982.87,2006.1,1974.1,2022.14,10039418300,82685489823.0,0.005932001,1996.2759999999998,2086.424,2190.4171666666666,1998.0408751338944,2070.189857619903,2169.410569869417
sh000001,2013-07-03,1996.51,1994.27,1965.52,1996.54,9346647100,76682437035.0,-0.006125907,1985.0580000000002,2101.0815,2194.2221666666665,1994.0113127008415,2076.9362196639695,2175.0648110601696
sh000001,2013-07-02,1992.89,2006.56,1978.43,2007.62,8641541800,73980843793.0,0.005672495,1976.5040000000001,2116.398,2198.2613333333334,1993.881969051262,2085.63801430502,2181.3289398934703
sh000001,2013-07-01,1965.99,1995.24,1957.57,1995.92,7805139300,62711812201.0,0.008102239,1967.0940000000003,2131.9574999999995,2202.090333333333,1987.5429535768933,2093.962108120625,2187.3888274000715
sh000001,2013-06-28,1935.52,1979.21,1925.65,1987.98,10073796800,77513874673.0,0.014970669,1960.694,2148.3965,2207.190666666667,1983.69443036534,2104.354036347068,2194.0565102355126
sh000001,2013-06-27,1955.13,1950.01,1942.37,1980.54,10581331800,84260408505.0,-0.000759418,1979.4719999999998,2165.502,2212.4983333333334,1985.9366455480097,2117.5272712621245,2201.517802948969
sh000001,2013-06-26,1954.47,1951.5,1922.82,1959.16,10119252700,80892689202.0,-0.004089292,2006.274,2182.6555,2218.776833333334,2003.8999683220147,2135.160932265384,2210.259543802875
sh000001,2013-06-25,1948.32,1959.51,1849.65,1963.57,13815851600,105000000000.0,-0.001898397,2044.664,2199.507,2225.0565,2030.0999524830224,2154.4939819215892,2219.2610684149
sh000001,2013-06-24,2068.86,1963.24,1958.4,2068.86,10919821500,87969841712.0,-0.05299323,2084.62,2215.315,2231.135333333333,2065.3949287245337,2175.018987022081,2228.3051247864155
sh000001,2013-06-21,2058.98,2073.1,2042.88,2085.86,7967322400,67440066220.0,-0.005242749,2123.2159999999994,2232.273,2237.0375,2116.472393086801,2197.311962656783,2237.542704174005
sh000001,2013-06-20,2132.81,2084.02,2082.83,2132.81,7778793000,68164538356.0,-0.027727677,2141.004,2243.8735,2240.1096666666667,2138.1585896302017,2210.387198254025,2243.279030032648
sh000001,2013-06-19,2150.82,2143.45,2115.79,2150.82,7542501600,67080569348.0,-0.007334352,2153.872,2254.672,2242.7096666666666,2165.227884445302,2223.6893371136202,2248.8400098176626
sh000001,2013-06-18,2158.55,2159.29,2138.35,2161.68,6963227100,63582678086.0,0.001426574,2167.362,2261.643,2244.958833333333,2176.1168266679533,2232.1358136822737,2252.5237559682837
sh000001,2013-06-17,2165.99,2156.22,2147.03,2169.36,7575779000,68440143896.0,-0.002694676,2183.926,2266.2690000000002,2246.8086666666663,2184.53024000193,2239.8040254158536,2255.786041146938
sh000001,2013-06-14,2150.06,2162.04,2142.78,2163.85,7785747200,68747761906.0,0.006370456,2206.868,2269.698,2248.6045,2198.685360002895,2248.6026372722968,2259.273704245841
sh000001,2013-06-13,2190.1,2148.36,2126.22,2190.1,9437109400,79714527238.0,-0.028288505,2228.944,2272.4465,2250.6806666666666,2217.008040004342,2257.7148296593055,2262.6835229932076
sh000001,2013-06-07,2242.26,2210.9,2205.07,2250.63,8997807700,81058352191.0,-0.013920816,2259.1220000000003,2277.1245,2253.3845,2251.332060006513,2269.2263332783696,2266.697348360521
sh000001,2013-06-06,2264.43,2242.11,2240.07,2266.69,8153869400,75261584761.0,-0.012691271,2277.062,2278.921,2255.1796666666664,2271.5480900097696,2275.366223741536,2268.6587327144875
sh000001,2013-06-05,2270.71,2270.93,2260.87,2276.87,7648330300,71142676053.0,-0.00065349,2292.19,2278.464,2256.5493333333334,2286.2671350146543,2278.8670530798872,2269.593143244851
sh000001,2013-06-04,2297.1,2272.42,2264.76,2297.1,10189581800,92377181551.0,-0.011671622,2302.808,2277.2325,2257.8201666666664,2293.935702521982,2279.7025783052695,2269.5460300263853
sh000001,2013-06-03,2300.21,2299.25,2294.11,2313.43,9688281400,91648607743.0,-0.000583762,2312.588,2275.3905,2258.718333333333,2304.6935537829727,2280.4692120984896,2269.4446099383495
sh000001,2013-05-31,2320.74,2300.6,2299.37,2325.53,10816255400,101000000000.0,-0.007401147,2311.3540000000003,2271.9865,2258.2875,2307.415330674459,2278.4921542211455,2268.3913367162904
sh000001,2013-05-30,2316.25,2317.75,2310.49,2325.72,11191303200,104000000000.0,-0.002697054,2308.94,2267.2315000000003,2259.269333333333,2310.8229960116882,2276.1648397321896,2267.2514943697543
sh000001,2013-05-29,2323.54,2324.02,2321.17,2334.34,12525072900,114000000000.0,0.001162702,2300.5240000000003,2260.05,2260.0666666666666,2307.359494017532,2271.7870951259583,2265.4617185724533
sh000001,2013-05-28,2293.4,2321.32,2281.47,2322.1,13263299500,120000000000.0,0.012315766,2296.2,2252.7445,2259.8866666666663,2299.0292410262987,2266.2883957853273,2263.383077856139
sh000001,2013-05-27,2286.66,2293.08,2283.94,2301.7,10732506100,99920157617.0,0.001985551,2292.958,2246.644,2259.4203333333335,2287.8838615394475,2260.495014459185,2261.3232004786873
sh000001,2013-05-24,2281.45,2288.53,2270.25,2292.6,10144121300,92021526802.0,0.005653727,2294.34,2242.906,2259.966,2285.285792309171,2257.064635823388,2260.19225351014
sh000001,2013-05-23,2293.81,2275.67,2274.1,2304.95,12401984400,111000000000.0,-0.011612216,2293.2079999999996,2237.7065,2260.3931666666667,2283.6636884637564,2253.752086483897,2259.181335259268
sh000001,2013-05-22,2303.75,2302.4,2292.43,2314.18,12836002600,115000000000.0,-0.001176081,2288.4359999999997,2236.0315,2261.231166666667,2287.6605326956346,2251.444625309538,2258.5920738018654
sh000001,2013-05-21,2297.11,2305.11,2290.12,2305.3,12417317600,113000000000.0,0.002229579,2272.916,2233.1434999999997,2262.8108333333334,2280.290799043452,2246.0800989633312,2257.023609378525
sh000001,2013-05-20,2286.33,2299.99,2281.9,2309.39,13915051400,129000000000.0,0.00749758,2255.296,2227.768,2264.1075,2267.881198565178,2239.8653973787364,2255.2986763558088
sh000001,2013-05-17,2249.81,2282.87,2248.41,2288.09,12612600600,111000000000.0,0.013795149,2243.682,2222.4584999999997,2266.133666666667,2251.826797847767,2233.5353347731016,2253.6923599795487
sh000001,2013-05-16,2221.34,2251.81,2210.77,2252.87,11028437600,102000000000.0,0.012139984,2236.474,2218.0575,2268.625833333333,2236.3051967716506,2228.3411627386645,2252.641495512001
sh000001,2013-05-15,2217.09,2224.8,2213.58,2225.19,7172289300,66658263971.0,0.003512388,2232.7059999999997,2214.564,2271.4044999999996,2228.5527951574763,2225.8702070609097,2252.6715062843336
sh000001,2013-05-14,2238.9,2217.01,2205.87,2239.93,8324497500,75660470722.0,-0.011111012,2237.0060000000003,2213.6629999999996,2274.899166666667,2230.429192736214,2225.9828882456036,2253.679671450084
sh000001,2013-05-13,2247.68,2241.92,2231.36,2250.85,8621122400,79191481239.0,-0.002185745,2240.7200000000003,2213.79,2278.501166666667,2237.138789104321,2226.9276605130985,2255.0091054982345
sh000001,2013-05-10,2228.82,2246.83,2225.81,2247.67,9033547600,81280141888.0,0.006206977,2238.57,2213.0004999999996,2281.6050000000005,2234.7481836564816,2225.3490435707986,2255.48476278984
sh000001,2013-05-09,2246.96,2232.97,2221.38,2247.86,9853163700,91165292599.0,-0.005933758,2230.304,2211.948,2284.474833333333,2228.7072754847222,2223.0871365264757,2255.800046145636
sh000001,2013-05-08,2242.39,2246.3,2235.42,2255.21,9037193300,81390848352.0,0.004797423,2218.534,2210.879,2287.0156666666667,2226.5759132270837,2222.0464518165536,2256.633829218873
sh000001,2013-05-07,2227.86,2235.58,2219.44,2240.26,8645235600,79040924815.0,0.001976097,2204.8559999999998,2209.829,2289.2853333333333,2216.7138698406247,2219.4924070533602,2257.0122266816606
sh000001,2013-05-06,2212.5,2231.17,2212.5,2236.07,9226814600,81625607393.0,0.011638647,2197.602,2209.4370000000004,2291.3419999999996,2207.280804760937,2217.7982139544906,2257.7991577744274
sh000001,2013-05-03,2179.05,2205.5,2179.05,2222.81,8858346400,78315703425.0,0.014430646,2195.032,2209.5985,2293.2643333333335,2195.336207141405,2216.389957220613,2258.779669509903
sh000001,2013-05-02,2170.78,2174.12,2161.14,2179.65,6833793600,59877609929.0,-0.00173974,2190.8399999999997,2211.1544999999996,2294.6943333333334,2190.254310712107,2217.536898904233,2260.7472297974327
sh000001,2013-04-26,2203.89,2177.91,2173.86,2210.58,7667397000,65251506871.0,-0.009728064,2204.45,2214.2635,2296.835666666667,2198.321466068161,2222.1098768242196,2263.9560037785736
sh000001,2013-04-25,2213.19,2199.31,2191.85,2224.63,9670418800,84483236302.0,-0.008570007,2217.7960000000003,2220.431,2299.219,2208.527199102243,2226.765621469922,2267.153297130115
sh000001,2013-04-24,2187.35,2218.32,2184.11,2226.12,9160026100,78977211750.0,0.015463224,2217.454,2225.349,2301.1495,2213.135798653365,2229.6578332358,2269.682459344192
sh000001,2013-04-23,2242.62,2184.54,2182.81,2242.62,9654131500,82217516673.0,-0.025703236,2212.55,2230.7690000000002,2302.9811666666665,2210.5436979800465,2230.8522690782024,2271.6037207505224
sh000001,2013-04-22,2236.4,2242.17,2232.26,2245.12,9523373000,82244998209.0,-0.00110218,2214.612,2237.956,2305.19,2223.545546970076,2235.731668288523,2274.871885179899
sh000001,2013-04-19,2201.12,2244.64,2200.58,2250.11,10966055600,95383012019.0,0.021405605,2202.566,2242.0595000000003,2305.9023333333334,2214.2333204551073,2235.053269406246,2276.1039197107975
sh000001,2013-04-18,2181.82,2197.6,2175.44,2206.03,7161692700,61888122713.0,0.001734892,2194.994,2245.6960000000004,2306.983333333333,2199.029980682645,2234.0430210481163,2277.293807749976
sh000001,2013-04-17,2195.03,2193.8,2178.47,2197.51,6831418100,59986556162.0,-0.000478393,2199.384,2248.6875,2309.118,2199.744971023969,2237.883829861949,2280.3194898632996
sh000001,2013-04-16,2169.63,2194.85,2165.78,2196.43,7999217800,66955845024.0,0.005913998,2205.85,2250.9985,2311.0836666666664,2202.71745653596,2242.5305194901953,2283.617735511797
sh000001,2013-04-15,2199.91,2181.94,2177.39,2204.99,7163232300,58162177672.0,-0.011255313,2212.036,2255.1760000000004,2311.886166666666,2206.651184803954,2247.5570377216936,2287.016038891993
sh000001,2013-04-12,2218.1,2206.78,2204.44,2226.26,6684634000,56196878022.0,-0.005754762,2217.9660000000003,2259.593,2313.5815,2219.0067772059974,2254.4755285551373,2291.0563906311418
sh000001,2013-04-11,2236.98,2219.55,2217.27,2242.48,7363270400,62132700158.0,-0.002952663,2221.67,2262.4525000000003,2314.7241666666664,2225.1201658090454,2259.505298263034,2294.311783723374
sh000001,2013-04-10,2224.93,2226.13,2212.56,2233.04,8061962100,71090219578.0,0.000157698,2223.308,2265.8055,2315.666166666667,2227.9052487136014,2263.719627681064,2297.2133729838392
sh000001,2013-04-09,2215.47,2225.78,2215.47,2234.73,8289654400,73135035445.0,0.006413027,2224.962,2270.0285,2316.6533333333336,2228.792873070418,2267.6852798618806,2299.9858195118436
sh000001,2013-04-08,2196.24,2211.59,2180.67,2212.59,8625747000,73666169988.0,-0.006157835,2227.13,2274.67,2317.5068333333334,2230.2993096056675,2272.107268215637,2302.894899236149
sh000001,2013-04-03,2232.69,2225.3,2217.25,2241.34,8179526700,68801356871.0,-0.001097525,2232.072,2280.305,,2239.653964408883,2278.4949196414127,2306.493400058743
sh000001,2013-04-02,2234.9,2227.74,2220.44,2253.42,8971432300,77596667316.0,-0.002978435,2247.264,2286.399,,2246.830946613764,2284.1113066758253,2309.7111286434056
sh000001,2013-04-01,2229.46,2234.4,2227.31,2243.95,7741177400,66997534038.0,-0.000995251,2261.25,2291.3275,,2256.376419921522,2290.064954590979,2312.978407357522
sh000001,2013-03-29,2238.49,2236.62,2228.81,2246.87,8556547300,73358185133.0,0.000142646,2279.714,2293.2774999999997,,2267.364629883796,2295.9460696533156,2316.1292367517435
sh000001,2013-03-28,2273.55,2236.3,2232.91,2273.55,12765869800,108000000000.0,-0.028226723,2298.046,2299.422,,2282.736944828869,2302.2164272516193,2319.3372790269323
sh000001,2013-03-27,2299.38,2301.26,2289.0,2323.48,9633119500,85708419365.0,0.001562453,2315.6340000000005,2305.8865,,2305.9554172504963,2309.1863371490927,2322.709420346181
sh000001,2013-03-26,2318.58,2297.67,2281.12,2319.99,10444901500,91811327564.0,-0.012483695,2318.8559999999998,2306.4844999999996,,2308.3031258768356,2310.0248554979844,2323.5863664066183
sh000001,2013-03-25,2334.74,2326.72,2319.91,2344.89,9703152600,85418622369.0,-0.000671312,2310.808,2306.268,,2313.6196888189593,2311.3325493406546,2324.653395080001
sh000001,2013-03-22,2321.4,2328.28,2314.97,2332.0,10116729900,85951321520.0,0.00173648,2293.468,2306.223,,2307.06953322159,2309.7029244816113,2324.5676853931573
sh000001,2013-03-21,2318.21,2324.24,2311.6,2330.81,11920091000,105000000000.0,0.002963699,2283.4919999999997,2305.517,,2296.4642998157524,2307.7342331485324,2324.412546857992
sh000001,2013-03-20,2257.74,2317.37,2257.42,2317.86,13124128400,114000000000.0,0.026552271,2272.7,2305.6025,,2282.576449690958,2305.9838024751243,2324.4198149930608
sh000001,2013-03-19,2244.27,2257.43,2232.02,2261.31,8758210500,75512072273.0,0.007775837,2262.02,2309.593,,2265.179674475048,2304.775349869095,2324.7192345898497
sh000001,2013-03-18,2267.29,2240.02,2239.21,2276.05,9312277200,81486175707.0,-0.016847342,2267.856,2315.8669999999997,,2269.0545117330817,2309.804634569089,2327.6018562306317
sh000001,2013-03-15,2269.32,2278.4,2250.01,2312.08,11647781300,102000000000.0,0.003578418,2281.9700000000003,2324.944,,2283.571767714884,2317.2246849132907,2331.387647579374
sh000001,2013-03-14,2255.78,2270.28,2253.31,2276.22,8029408600,69218592825.0,0.0027867,2290.0119999999997,2332.644,,2286.157651603122,2321.357230190759,2333.699643353727
sh000001,2013-03-13,2282.17,2263.97,2253.25,2286.33,9097278800,77688955841.0,-0.00989983,2300.814,2340.0565,,2294.096477546503,2326.8003629772975,2336.4940172191677
sh000001,2013-03-12,2309.16,2286.61,2264.83,2333.29,11766445600,101000000000.0,-0.01038175,2317.4559999999997,2348.582,,2309.1597167233945,2333.5047280942226,2339.722355483449
sh000001,2013-03-11,2314.68,2310.59,2296.58,2320.96,8411190300,73919947382.0,-0.003458105,2325.3959999999997,2355.908,,2320.4345755382797,2338.5158976978532,2342.1119694735007
sh000001,2013-03-08,2326.42,2318.61,2314.59,2333.67,9879414800,88438607018.0,-0.002444614,2317.958,2361.786,,2325.356863604193,2341.504831294914,2343.5461051725742
sh000001,2013-03-07,2340.44,2324.29,2304.27,2352.02,13975634800,126000000000.0,-0.009750428,2326.138,2366.8065,,2328.7302957113748,2343.959624802594,2344.693920298522
sh000001,2013-03-06,2333.62,2347.18,2321.6,2351.44,14133369200,125000000000.0,0.008972594,2334.398,2369.8630000000003,,2330.9504438682397,2346.072746244197,2345.644652051112
sh000001,2013-03-05,2274.81,2326.31,2270.1,2328.14,13113659800,117000000000.0,0.023269951,2327.6059999999998,2371.6279999999997,,2322.8356641511245,2345.953534809792,2345.5721916320113
sh000001,2013-03-04,2332.08,2273.4,2259.25,2333.54,16175002500,143000000000.0,-0.036491537,2321.0119999999997,2373.2615,,2321.0984956964553,2348.073527407087,2346.4935170457625
sh000001,2013-03-01,2364.54,2359.51,2330.86,2369.65,12031275200,112000000000.0,-0.002573139,2331.496,2376.9170000000004,,2344.9477544638517,2356.1540256362873,2350.039033862071
sh000001,2013-02-28,2322.32,2365.59,2308.92,2366.16,12695049400,116000000000.0,0.022640735,2322.4260000000004,2373.5065,,2337.666626695379,2355.7897985529444,2349.572819052675
sh000001,2013-02-27,2297.77,2313.22,2292.03,2324.63,9782488700,88262924234.0,0.00866814,2314.498,2370.357,,2323.7049256605305,2354.722686286846,2348.772089234411
sh000001,2013-02-26,2313.74,2293.34,2289.89,2340.71,11763866700,106000000000.0,-0.013964113,2331.29,2370.7415,,2328.9473965915313,2359.2582146688683,2350.578478206253
sh000001,2013-02-25,2320.62,2325.82,2315.01,2338.78,8836737400,77642340941.0,0.005036376,2349.204,2371.8315,,2346.7511361531606,2366.491012560336,2353.536773599653
sh000001,2013-02-22,2322.94,2314.16,2308.76,2330.88,9698182800,87579820983.0,-0.005067605,2368.352,2371.9515,,2357.216740615822,2370.973586374611,2354.995217532156
sh000001,2013-02-21,2378.82,2325.95,2309.17,2378.82,14405947800,127000000000.0,-0.029712854,2392.0,2372.097,,2378.745223196816,2377.266485424686,2357.184942332898
sh000001,2013-02-20,2383.49,2397.18,2370.61,2397.94,11028057700,97222298954.0,0.005985948,2410.516,2370.045,,2405.14304129592,2382.981943413134,2358.8935702762624
sh000001,2013-02-19,2420.27,2382.91,2373.54,2427.08,12347333400,106000000000.0,-0.015958321,2417.9759999999997,2365.661,,2409.1246086634474,2381.3908845846745,2356.754711548318
sh000001,2013-02-18,2441.91,2421.56,2415.43,2444.8,11617499400,104000000000.0,-0.004458145,2428.02,2362.7995,,2422.2321437001847,2381.219484602705,2355.260737843221
sh000001,2013-02-08,2416.62,2432.4,2414.4,2443.03,10907038600,98965224617.0,0.005735715,2429.338,2357.3085,,2422.5682244232844,2376.6332142060915,2351.383737392281
sh000001,2013-02-07,2430.69,2418.53,2394.22,2433.89,12000863400,109000000000.0,-0.006550483,2426.6620000000003,2347.8385000000003,,2417.6521419475985,2370.2392735497,2346.5267469586643
sh000001,2013-02-06,2432.68,2434.48,2427.7,2441.73,11657996600,105000000000.0,0.000553608,2420.04,2341.095,,2417.2131868460633,2364.6500069623667,2342.094625885533
sh000001,2013-02-05,2411.0,2433.13,2403.3,2437.42,15075450500,127000000000.0,0.002049293,2409.6400000000003,2333.138,,2408.579010922679,2356.4821521042445,2336.246148051303
sh000001,2013-02-04,2425.92,2428.15,2417.59,2440.38,16755140200,153000000000.0,0.003775909,2394.81,2325.2850000000003,,2396.3018754566874,2347.4106504019605,2329.9270682829615
sh000001,2013-02-01,2377.41,2419.02,2369.57,2421.15,14081817200,126000000000.0,0.01408472,2378.482,2318.1455,,2380.374619996905,2337.728165182844,2323.3134790560052
sh000001,2013-01-31,2383.43,2385.42,2371.23,2391.82,13970789200,116000000000.0,0.001236949,2352.938,2311.044,,2361.0461173606636,2327.8343855943317,2316.64641852325
sh000001,2013-01-30,2360.75,2382.48,2347.89,2383.76,14987890700,125000000000.0,0.009961098,2336.374,,,2348.8536761162222,2320.7086432178126,2311.6778554289617
sh000001,2013-01-29,2347.22,2358.98,2337.35,2363.8,14185393400,125000000000.0,0.005315139,2324.06,,,2332.029130022136,2312.9210464131306,2306.35876768143
sh000001,2013-01-28,2295.35,2346.51,2295.35,2346.92,12838376000,117000000000.0,0.024091522,2315.2920000000004,,,2318.5400041204075,2306.9909384214575,2302.2355495260294
sh000001,2013-01-25,2300.0,2291.3,2288.26,2308.38,9260574100,80267388572.0,-0.004904894,2311.634,,,2304.5336824124324,2301.780464457966,2298.604946139108
sh000001,2013-01-24,2320.26,2302.6,2287.3,2362.94,16103167400,136000000000.0,-0.007890436,2316.7879999999996,,,2311.165668809167,2303.200020797167,2299.234239439319
sh000001,2013-01-23,2308.52,2320.91,2296.49,2325.12,11817972200,96956218661.0,0.002493155,2313.25,,,2315.463224436363,2303.2838218299507,2298.9283076927327
sh000001,2013-01-22,2326.49,2315.14,2301.3,2335.81,14946658400,123000000000.0,-0.005618882,2310.968,,,2312.725770986129,2300.7343856715793,2296.809510605398
sh000001,2013-01-21,2321.49,2328.22,2305.1,2329.58,13468045800,113000000000.0,0.004812543,2313.076,,,2311.5092805658537,2298.565361702662,2294.9248775899914
sh000001,2013-01-18,2295.81,2317.07,2285.97,2324.51,12543802600,105000000000.0,0.014075396,2309.7799999999997,,,2303.056194552796,2293.888436104466,2291.248294395981
sh000001,2013-01-17,2305.14,2284.91,2275.88,2305.6,11910183500,103000000000.0,-0.010647331,2294.966,,,2295.9256370529947,2290.030025797968,2288.1606738105074
sh000001,2013-01-16,2322.16,2309.5,2279.51,2326.76,15351116700,133000000000.0,-0.006958389,2294.716,,,2301.5805529184713,2290.9377532004783,2288.5857946783967
sh000001,2013-01-15,2312.47,2325.68,2309.32,2332.78,16564598100,141000000000.0,0.006030955,2287.884,,,2297.4600539254566,2287.391430556032,2285.5572399898447
sh000001,2013-01-14,2236.29,2311.74,2235.11,2317.62,14474988900,124000000000.0,0.030647834,2277.962,,,2282.4729188926667,2279.38996549396,2279.02233583142
sh000001,2013-01-11,2285.19,2243.0,2234.95,2290.21,12506827500,102000000000.0,-0.017805206,2272.686,,,2266.4310375939854,2271.847230129773,2272.904471887178
sh000001,2013-01-10,2274.38,2283.66,2268.65,2295.48,12006667600,98236402918.0,0.003655717,2279.484,,,2279.9233175355453,2279.5596453487005,2279.507103703388
sh000001,2013-01-09,2271.3,2275.34,2259.05,2283.9,12201492400,103000000000.0,-0.000320728,,,,2277.595076923077,2278.2513354114717,2278.3794284458018
sh000001,2013-01-08,2284.65,2276.07,2262.98,2289.14,12290787700,106000000000.0,-0.004066748,,,,2279.197368421053,2279.432889258951,2279.4620220349966
sh000001,2013-01-07,2271.66,2285.36,2266.86,2293.32,11816281300,96872865891.0,0.003676781,,,,2282.012,2281.38425,2281.24475
sh000001,2013-01-04,2289.51,2276.99,2256.56,2296.11,13946993100,115000000000.0,0.003465648,,,,2276.99,2276.99,2276.99
